name;team;position;age;fantasycalcId;sleeperId;mflId;value;overallRank;positionRank;trend30day
"Josh Allen";"BUF";"QB";28.1;6170;"4984";"13589";10292;1;1;42
"Patrick Mahomes";"KC";"QB";28.8;880;"4046";"13116";9920;2;2;-438
"Justin Jefferson";"MIN";"WR";25;7569;"6794";"14836";9636;3;1;236
"C.J. Stroud";"HOU";"QB";22.7;9838;"9758";"16150";8984;4;3;96
"Ja'Marr Chase";"CIN";"WR";24.3;5856;"7564";"15281";8651;5;2;19
"CeeDee Lamb";"DAL";"WR";25.2;4835;"6786";"14832";8587;6;3;160
"Jalen Hurts";"PHI";"QB";25.9;6407;"6904";"14783";8292;7;4;-118
"Lamar Jackson";"BAL";"QB";27.4;3101;"4881";"13593";8276;8;5;327
"Amon-Ra St. Brown";"DET";"WR";24.6;1527;"7547";"15287";7531;9;4;-81
"Bijan Robinson";"ATL";"RB";22.4;9833;"9509";"16161";7394;10;1;199
"Joe Burrow";"CIN";"QB";27.5;1002;"6770";"14777";7383;11;6;-118
"Anthony Richardson";"IND";"QB";22.1;9951;"9229";"16152";7131;12;7;181
"2024 Pick 1.01";"null";"PICK";"null";14001;"DP_0_0";"DP_0_0";6797;13;1;-288
"Marvin Harrison Jr.";"ARI";"WR";21.8;11734;"11628";"UNK";6645;14;5;82
"Caleb Williams";"CHI";"QB";22.6;11708;"11560";"UNK";6590;15;8;-255
"Christian McCaffrey";"SF";"RB";28;5494;"4034";"13130";6506;16;2;12
"Justin Herbert";"LAC";"QB";26.3;8448;"6797";"14779";6443;17;9;-171
"2024 Pick 1.02";"null";"PICK";"null";14002;"DP_0_1";"DP_0_1";6422;18;2;-37
"Breece Hall";"NYJ";"RB";23;4576;"8155";"15708";6391;19;3;179
"Jordan Love";"GB";"QB";25.6;3651;"6804";"14782";6364;20;10;387
"Jahmyr Gibbs";"DET";"RB";22.2;9821;"9221";"16162";6184;21;4;85
"Puka Nacua";"LAR";"WR";23;9822;"9493";"16211";6069;22;6;-34
"A.J. Brown";"PHI";"WR";27;4118;"5859";"14104";6028;23;7;87
"Garrett Wilson";"NYJ";"WR";23.9;6813;"8146";"15753";5827;24;8;-10
"Sam LaPorta";"DET";"TE";23.4;9843;"10859";"16214";5762;25;1;31
"Kyler Murray";"ARI";"QB";26.9;3544;"5849";"14056";5696;26;11;-135
"Tyreek Hill";"MIA";"WR";30.3;7958;"3321";"12801";5351;27;9;323
"2024 Pick 1.03";"null";"PICK";"null";14003;"DP_0_2";"DP_0_2";4958;28;3;-274
"Trevor Lawrence";"JAX";"QB";24.7;1086;"7523";"15237";4918;29;12;-230
"Malik Nabers";"NYG";"WR";20.9;11737;"11632";"UNK";4900;30;10;-28
"Chris Olave";"NO";"WR";24;2548;"8144";"15754";4887;31;11;65
"Jayden Daniels";"WAS";"QB";23.5;11701;"11566";"UNK";4845;32;13;-147
"Jonathan Taylor";"IND";"RB";25.4;3046;"6813";"14802";4769;33;5;-59
"Jaylen Waddle";"MIA";"WR";25.6;1409;"7526";"15284";4671;34;12;429
"Drake London";"ATL";"WR";22.9;998;"8112";"15751";4663;35;13;274
"2024 Pick 1.04";"null";"PICK";"null";14004;"DP_0_3";"DP_0_3";4644;36;4;-105
"Brock Purdy";"SF";"QB";24.5;5570;"8183";"15698";4458;37;14;24
"Dak Prescott";"DAL";"QB";30.9;6637;"3294";"12620";4438;38;15;-175
"Tua Tagovailoa";"MIA";"QB";26.3;6092;"6768";"14778";4324;39;16;-39
"Travis Etienne";"JAX";"RB";25.4;3156;"7543";"15253";4281;40;6;112
"Dalton Kincaid";"BUF";"TE";24.7;9819;"10236";"16213";4229;41;2;160
"Brandon Aiyuk";"SF";"WR";26.3;6429;"6803";"14840";4196;42;14;-55
"2024 Pick 1.05";"null";"PICK";"null";14005;"DP_0_4";"DP_0_4";4184;43;5;-89
"Rome Odunze";"CHI";"WR";22;11763;"11620";"UNK";4169;44;15;-47
"Trey McBride";"ARI";"TE";24.6;7325;"8130";"15794";4146;45;3;250
"Jared Goff";"DET";"QB";29.7;8587;"3163";"12611";4088;46;17;465
"Saquon Barkley";"PHI";"RB";27.4;7257;"4866";"13604";4077;47;7;-96
"Nico Collins";"HOU";"WR";25.2;5030;"7569";"15290";3963;48;16;327
"De'Von Achane";"MIA";"RB";22.7;9969;"9226";"16167";3915;49;8;16
"2024 Pick 1.06";"null";"PICK";"null";14006;"DP_0_5";"DP_0_5";3911;50;6;-286
"Kyle Pitts";"ATL";"TE";23.7;280;"7553";"15329";3836;51;4;142
"Brock Bowers";"LV";"TE";21.5;11702;"11604";"UNK";3833;52;5;-27
"Mark Andrews";"BAL";"TE";28.8;4519;"5012";"13671";3822;53;6;167
"DeVonta Smith";"PHI";"WR";25.6;6635;"7525";"15282";3804;54;17;-468
"Michael Pittman";"IND";"WR";26.7;8259;"6819";"14842";3756;55;18;-232
"Drake Maye";"NE";"QB";21.8;11696;"11564";"UNK";3668;56;18;-122
"2024 Pick 1.07";"null";"PICK";"null";14007;"DP_0_6";"DP_0_6";3661;57;7;-254
"DJ Moore";"CHI";"WR";27.2;6110;"4983";"13635";3645;58;19;-269
"Kyren Williams";"LAR";"RB";23.8;7315;"8150";"15710";3620;59;9;-100
"DK Metcalf";"SEA";"WR";26.5;5240;"5846";"14102";3614;60;20;-151
"J.J. McCarthy";"MIN";"QB";21.4;11740;"11565";"UNK";3613;61;19;-200
"2024 Pick 1.08";"null";"PICK";"null";14008;"DP_0_7";"DP_0_7";3489;62;8;-180
"Zay Flowers";"BAL";"WR";23.8;9930;"9997";"16190";3424;63;21;-27
"Tank Dell";"HOU";"WR";24.6;9950;"9502";"16204";3413;64;22;168
"2024 Pick 1.09";"null";"PICK";"null";14009;"DP_0_8";"DP_0_8";3378;65;9;-73
"Kenneth Walker";"SEA";"RB";23.7;1749;"8151";"15711";3377;66;10;28
"T.J. Hockenson";"MIN";"TE";27;8215;"5844";"14138";3352;67;7;-170
"Tee Higgins";"CIN";"WR";25.4;5531;"6801";"14835";3352;68;23;-196
"Jonathon Brooks";"CAR";"RB";20.9;11725;"11583";"UNK";3287;69;11;256
"Travis Kelce";"KC";"TE";34.7;2204;"1466";"11244";3286;70;8;11
"Xavier Worthy";"KC";"WR";21.1;11736;"11624";"UNK";3255;71;24;-189
"Bryce Young";"CAR";"QB";22.9;9944;"9228";"16148";3238;72;20;136
"George Pickens";"PIT";"WR";23.3;1436;"8137";"15762";3218;73;25;181
"Josh Jacobs";"GB";"RB";26.3;1326;"5850";"14073";3193;74;12;-144
"2024 Pick 1.10";"null";"PICK";"null";14010;"DP_0_9";"DP_0_9";3191;75;10;-67
"Jaxon Smith-Njigba";"SEA";"WR";22.3;9924;"9488";"16185";3171;76;26;-17
"James Cook";"BUF";"RB";24.7;182;"8138";"15715";3111;77;13;-42
"2024 Round 1";"null";"PICK";"null";9602;"FP_2024_1";"FP_2024_1";3080;78;11;0
"Jordan Addison";"MIN";"WR";22.4;9847;"9756";"16186";3054;79;27;-294
"Isiah Pacheco";"KC";"RB";25.3;3777;"8205";"15749";3052;80;14;19
"Rachaad White";"TB";"RB";25.4;2187;"8136";"15721";3046;81;15;-151
"2024 Pick 1.11";"null";"PICK";"null";14011;"DP_0_10";"DP_0_10";3025;82;12;-61
"Brian Thomas";"JAX";"WR";21.7;11726;"11631";"UNK";3009;83;28;-60
"Davante Adams";"LV";"WR";31.5;1503;"2133";"11675";2898;84;29;-28
"Deebo Samuel";"SF";"WR";28.4;2495;"5872";"14136";2887;85;30;-94
"Ladd McConkey";"LAC";"WR";22.6;11766;"11635";"UNK";2884;86;31;-155
"2024 Pick 1.12";"null";"PICK";"null";14012;"DP_0_11";"DP_0_11";2874;87;13;-56
"Deshaun Watson";"CLE";"QB";28.8;3568;"4017";"13113";2852;88;21;83
"Keon Coleman";"BUF";"WR";21.1;11716;"11637";"UNK";2851;89;32;-35
"Will Levis";"TEN";"QB";25;9901;"9999";"16149";2839;90;22;196
"Baker Mayfield";"TB";"QB";29.2;2737;"4892";"13590";2768;91;23;-108
"Stefon Diggs";"HOU";"WR";30.6;3214;"2449";"12186";2762;92;33;-6
"Derrick Henry";"BAL";"RB";30.5;5421;"3198";"12626";2752;93;16;40
"2025 Round 1";"null";"PICK";"null";9632;"FP_2025_1";"FP_2025_1";2743;94;14;86
"2024 Pick 2.01";"null";"PICK";"null";14031;"DP_1_0";"DP_1_0";2738;95;15;-52
"Bo Nix";"DEN";"QB";24.3;11728;"11563";"UNK";2703;96;24;-134
"Trey Benson";"ARI";"RB";20.9;11758;"11589";"UNK";2677;97;17;68
"Mike Evans";"TB";"WR";30.8;7495;"2216";"11671";2666;98;34;-65
"Cooper Kupp";"LAR";"WR";31;5586;"4039";"13164";2647;99;35;72
"Joe Mixon";"HOU";"RB";27.9;4578;"4018";"13131";2639;100;18;125
"2024 Pick 2.02";"null";"PICK";"null";14032;"DP_1_1";"DP_1_1";2615;101;16;-48
"D'Andre Swift";"CHI";"RB";25.4;1574;"6790";"14797";2564;102;19;19
"Kirk Cousins";"ATL";"QB";35.8;536;"1166";"10700";2564;103;25;-373
"2024 Pick 2.03";"null";"PICK";"null";14033;"DP_1_2";"DP_1_2";2501;104;17;-45
"Rashee Rice";"KC";"WR";24.2;9929;"10229";"16194";2489;105;36;122
"Jayden Reed";"GB";"WR";24.1;9863;"10222";"16184";2487;106;37;-143
"George Kittle";"SF";"TE";30.7;5709;"4217";"13299";2478;107;9;-27
"Evan Engram";"JAX";"TE";29.8;3648;"4066";"13189";2463;108;10;100
"Michael Penix";"ATL";"QB";24.1;11739;"11559";"UNK";2458;109;26;-61
"Justin Fields";"PIT";"QB";25.3;7191;"7591";"15238";2440;110;27;37
"2024 Pick 2.04";"null";"PICK";"null";14034;"DP_1_3";"DP_1_3";2398;111;18;-42
"Amari Cooper";"CLE";"WR";30;2301;"2309";"12175";2396;112;38;99
"Terry McLaurin";"WAS";"WR";28.8;4864;"5927";"14109";2355;113;39;59
"Matthew Stafford";"LAR";"QB";36.4;3611;"421";"9431";2351;114;28;-9
"Jake Ferguson";"DAL";"TE";25.4;6785;"8110";"15799";2324;115;11;110
"2024 Pick 2.05";"null";"PICK";"null";14035;"DP_1_4";"DP_1_4";2302;116;19;-40
"Najee Harris";"PIT";"RB";26.3;7252;"7528";"15254";2289;117;20;-17
"Alvin Kamara";"NO";"RB";28.9;4144;"4035";"13132";2281;118;21;-31
"Ricky Pearsall";"SF";"WR";23.8;11752;"11638";"UNK";2265;119;40;-64
"David Njoku";"CLE";"TE";27.9;6513;"4033";"13192";2260;120;12;30
"Blake Corum";"LAR";"RB";23.6;11747;"11586";"UNK";2246;121;22;43
"Christian Watson";"GB";"WR";25.1;5981;"8167";"15789";2235;122;41;59
"Christian Kirk";"JAX";"WR";27.6;8090;"4950";"13633";2225;123;42;93
"2024 Pick 2.06";"null";"PICK";"null";14036;"DP_1_5";"DP_1_5";2214;124;20;-37
"David Montgomery";"DET";"RB";27;7515;"5892";"14071";2210;125;23;-204
"Xavier Legette";"CAR";"WR";23.4;11718;"11626";"UNK";2201;126;43;-78
"2026 Round 1";"null";"PICK";"null";9662;"FP_2026_1";"FP_2026_1";2190;127;21;-111
"2024 Round 2";"null";"PICK";"null";9603;"FP_2024_2";"FP_2024_2";2189;128;22;89
"Adonai Mitchell";"IND";"WR";21.7;11711;"11625";"UNK";2189;129;44;-12
"Javonte Williams";"DEN";"RB";24.1;6963;"7588";"15256";2165;130;24;-208
"Jameson Williams";"DET";"WR";23.2;1100;"8148";"15756";2153;131;45;272
"Tony Pollard";"TEN";"RB";27.1;407;"5967";"14085";2144;132;25;43
"2024 Pick 2.07";"null";"PICK";"null";14037;"DP_1_6";"DP_1_6";2133;133;23;-34
"Chris Godwin";"TB";"WR";28.3;2505;"4037";"13163";2126;134;46;19
"Keenan Allen";"CHI";"WR";32.1;1334;"1479";"11222";2126;135;47;38
"Rhamondre Stevenson";"NE";"RB";26.3;4294;"7611";"15259";2125;136;26;-261
"Daniel Jones";"NYG";"QB";27.1;5;"5870";"14059";2120;137;29;-23
"Zamir White";"LV";"RB";24.7;3171;"8139";"15714";2078;138;27;71
"Marquise Brown";"KC";"WR";27;3950;"5848";"14105";2064;139;48;-127
"2024 Pick 2.08";"null";"PICK";"null";14038;"DP_1_7";"DP_1_7";2057;140;24;-33
"Calvin Ridley";"TEN";"WR";29.5;41;"4981";"13629";2044;141;49;-194
"Nick Chubb";"CLE";"RB";28.5;4188;"4988";"13610";2004;142;28;-249
"Aaron Rodgers";"NYJ";"QB";40.6;715;"96";"7836";1999;143;30;-167
"2024 Pick 2.09";"null";"PICK";"null";14039;"DP_1_8";"DP_1_8";1986;144;25;-31
"Geno Smith";"SEA";"QB";33.7;6305;"1373";"11150";1983;145;31;-22
"Aaron Jones";"MIN";"RB";29.5;2382;"4199";"13319";1980;146;29;-52
"Diontae Johnson";"CAR";"WR";28;4373;"5937";"14208";1967;147;50;-125
"2027 Round 1";"null";"PICK";"null";9692;"FP_2027_1";"FP_2027_1";1962;148;26;-112
"Zack Moss";"CIN";"RB";26.5;336;"6845";"14798";1940;149;30;82
"Tyjae Spears";"TEN";"RB";23;9817;"9508";"16165";1940;150;31;-73
"Ben Sinnott";"WAS";"TE";22;11746;"11596";"UNK";1929;151;13;96
"Jaylen Warren";"PIT";"RB";25.6;6285;"8228";"15742";1925;152;32;46
"2024 Pick 2.10";"null";"PICK";"null";14040;"DP_1_9";"DP_1_9";1920;153;27;-30
"Brian Robinson";"WAS";"RB";25.2;4174;"8154";"15716";1907;154;33;110
"Ja'Lynn Polk";"NE";"WR";22.2;11700;"11619";"UNK";1893;155;51;-48
"Dallas Goedert";"PHI";"TE";29.5;5988;"5022";"13674";1884;156;14;-21
"2024 Pick 2.11";"null";"PICK";"null";14041;"DP_1_10";"DP_1_10";1859;157;28;-28
"Cole Kmet";"CHI";"TE";25.3;4857;"6826";"14867";1859;158;15;-92
"Troy Franklin";"DEN";"WR";21.4;11738;"11627";"UNK";1851;159;52;-52
"Derek Carr";"NO";"QB";33.2;1954;"2028";"11644";1843;160;32;-23
"Jaylen Wright";"MIA";"RB";21.2;11781;"11643";"UNK";1827;161;34;2
"Pat Freiermuth";"PIT";"TE";25.6;2550;"7600";"15331";1823;162;16;32
"Austin Ekeler";"WAS";"RB";29.1;1332;"4663";"13404";1810;163;35;27
"MarShawn Lloyd";"GB";"RB";23.4;11729;"11581";"UNK";1805;164;36;31
"2024 Pick 2.12";"null";"PICK";"null";14042;"DP_1_11";"DP_1_11";1801;165;29;-26
"Russell Wilson";"PIT";"QB";35.6;8651;"1234";"10703";1798;166;33;-148
"Jerry Jeudy";"CLE";"WR";25.1;2427;"6783";"14833";1786;167;53;176
"Roman Wilson";"PIT";"WR";23;11750;"11630";"UNK";1785;168;54;-38
"Kendre Miller";"NO";"RB";22;9960;"9757";"16171";1784;169;37;-107
"Zach Charbonnet";"SEA";"RB";23.4;9921;"9753";"16169";1781;170;38;-93
"Romeo Doubs";"GB";"WR";24.2;2419;"8121";"15779";1753;171;55;59
"2024 Pick 3.01";"null";"PICK";"null";14061;"DP_2_0";"DP_2_0";1746;172;30;-26
"Dalton Schultz";"HOU";"TE";27.9;4655;"5001";"13772";1741;173;17;-5
"Jahan Dotson";"WAS";"WR";24.2;7169;"8119";"15755";1739;174;56;138
"James Conner";"ARI";"RB";29.1;7447;"4137";"13146";1735;175;39;-74
"Jermaine Burton";"CIN";"WR";23;11698;"11640";"UNK";1725;176;57;95
"DeAndre Hopkins";"TEN";"WR";32;4681;"1426";"11232";1703;177;58;76
"Josh Downs";"IND";"WR";22.8;9936;"9500";"16187";1699;178;59;-46
"2024 Pick 3.02";"null";"PICK";"null";14062;"DP_2_1";"DP_2_1";1695;179;31;-25
"Dontayvion Wicks";"GB";"WR";23;9909;"9486";"16195";1679;180;60;147
"Luke Musgrave";"GB";"TE";23.8;9856;"9481";"16215";1671;181;18;134
"2024 Pick 3.03";"null";"PICK";"null";14063;"DP_2_2";"DP_2_2";1647;182;32;-23
"Quentin Johnston";"LAC";"WR";22.8;9879;"9754";"16188";1628;183;61;0
"Chase Brown";"CIN";"RB";24.2;9967;"9224";"16181";1610;184;40;58
"2024 Pick 3.04";"null";"PICK";"null";14064;"DP_2_3";"DP_2_3";1601;185;33;-23
"Khalil Shakir";"BUF";"WR";24.4;8607;"8134";"15761";1600;186;62;116
"Ja'Tavion Sanders";"CAR";"TE";21.2;11714;"11600";"UNK";1595;187;19;-27
"Malachi Corley";"NYJ";"WR";22.2;11744;"11617";"UNK";1577;188;63;-66
"Devin Singletary";"NYG";"RB";26.8;8347;"6130";"14080";1576;189;41;-36
"Jakobi Meyers";"LV";"WR";27.6;2463;"5947";"14127";1567;190;64;0
"2024 Pick 3.05";"null";"PICK";"null";14065;"DP_2_4";"DP_2_4";1558;191;34;-22
"Isaiah Likely";"BAL";"TE";24.2;7402;"8131";"15798";1549;192;20;29
"Courtland Sutton";"DEN";"WR";28.7;818;"5045";"13630";1547;193;65;-45
"2024 Pick 3.06";"null";"PICK";"null";14066;"DP_2_5";"DP_2_5";1517;194;35;-21
"Sam Howell";"SEA";"QB";23.7;8210;"8162";"15693";1514;195;34;21
"2025 Round 2";"null";"PICK";"null";9633;"FP_2025_2";"FP_2025_2";1503;196;36;13
"Raheem Mostert";"MIA";"RB";32.2;6259;"2749";"12447";1495;197;42;-75
"Gardner Minshew";"LV";"QB";28.1;7783;"6011";"14067";1492;198;35;-104
"Jerome Ford";"CLE";"RB";24.8;8319;"8143";"15713";1482;199;43;42
"2024 Pick 3.07";"null";"PICK";"null";14067;"DP_2_6";"DP_2_6";1479;200;37;-19
"Gabe Davis";"JAX";"WR";25.2;8112;"6943";"14845";1465;201;66;102
"Javon Baker";"NE";"WR";22.3;11782;"11645";"UNK";1455;202;67;-31
"Kimani Vidal";"LAC";"RB";22.8;11790;"11647";"UNK";1452;203;44;30
"2024 Pick 3.08";"null";"PICK";"null";14068;"DP_2_7";"DP_2_7";1442;204;38;-19
"2024 Round 3";"null";"PICK";"null";9604;"FP_2024_3";"FP_2024_3";1429;205;39;111
"Michael Mayer";"LV";"TE";22.9;9931;"9482";"16212";1429;206;21;-100
"Gus Edwards";"LAC";"RB";29.2;4539;"5248";"13850";1423;207;45;23
"Luke McCaffrey";"WAS";"WR";23.2;11788;"11650";"UNK";1416;208;68;17
"Rashod Bateman";"BAL";"WR";24.5;7410;"7571";"15293";1411;209;69;203
"2024 Pick 3.09";"null";"PICK";"null";14069;"DP_2_8";"DP_2_8";1407;210;40;-18
"Braelon Allen";"NYJ";"RB";20.4;11748;"11576";"UNK";1403;211;46;-12
"Curtis Samuel";"BUF";"WR";27.8;3438;"4082";"13157";1382;212;70;-60
"Joshua Palmer";"LAC";"WR";24.7;2308;"7670";"15319";1381;213;71;74
"2024 Pick 3.10";"null";"PICK";"null";14070;"DP_2_9";"DP_2_9";1373;214;41;-18
"Bucky Irving";"TB";"RB";21.8;11779;"11584";"UNK";1356;215;47;-5
"Marvin Mims";"DEN";"WR";22.2;9955;"9494";"16189";1345;216;72;51
"2024 Pick 3.11";"null";"PICK";"null";14071;"DP_2_10";"DP_2_10";1342;217;42;-17
"2026 Round 2";"null";"PICK";"null";9663;"FP_2026_2";"FP_2026_2";1340;218;43;-61
"J.K. Dobbins";"LAC";"RB";25.5;5149;"6806";"14800";1337;219;48;-192
"Sam Darnold";"MIN";"QB";27;8007;"4943";"13592";1332;220;36;142
"Tyler Lockett";"SEA";"WR";31.7;2019;"2374";"12187";1331;221;73;35
"Rashid Shaheed";"NO";"WR";25.8;2354;"8676";"16080";1330;222;74;-10
"Mike Williams";"NYJ";"WR";29.7;8015;"4068";"13154";1325;223;75;-89
"Aidan O'Connell";"LV";"QB";25.8;11015;"10866";"16159";1321;224;37;55
"2024 Pick 3.12";"null";"PICK";"null";14072;"DP_2_11";"DP_2_11";1311;225;44;-17
"Tyler Allgeier";"ATL";"RB";24.2;6408;"8132";"15712";1309;226;49;33
"Ezekiel Elliott";"DAL";"RB";28.9;2848;"3164";"12625";1305;227;50;25
"Keaton Mitchell";"BAL";"RB";22.4;9982;"9511";"16178";1285;228;51;35
"Jalen McMillan";"TB";"WR";22.5;11754;"11618";"UNK";1282;229;76;-91
"Ray Davis";"BUF";"RB";24.6;11699;"11575";"UNK";1278;230;52;-32
"2027 Round 2";"null";"PICK";"null";9693;"FP_2027_2";"FP_2027_2";1260;231;45;-94
"Spencer Rattler";"NO";"QB";23.7;11719;"11562";"UNK";1255;232;38;-40
"Chuba Hubbard";"CAR";"RB";25;183;"7594";"15261";1249;233;53;11
"DeMario Douglas";"NE";"WR";23.5;9840;"9501";"16342";1224;234;77;10
"Dameon Pierce";"HOU";"RB";24.3;919;"8129";"15717";1222;235;54;16
"Roschon Johnson";"CHI";"RB";23.4;9926;"10235";"16175";1201;236;55;-105
"Tucker Kraft";"GB";"TE";23.6;9824;"9484";"16222";1197;237;22;48
"Antonio Gibson";"NE";"RB";26;7587;"6945";"14852";1196;238;56;-87
"Audric Estime";"DEN";"RB";20.8;11776;"11579";"UNK";1186;239;57;-62
"Cade Otton";"TB";"TE";25.2;2021;"8111";"15802";1173;240;23;-68
"Darnell Mooney";"ATL";"WR";26.6;3901;"7090";"14974";1159;241;78;-63
"Michael Wilson";"ARI";"WR";24.3;9952;"10232";"16206";1154;242;79;-232
"Chigoziem Okonkwo";"TEN";"TE";24.8;722;"8210";"15889";1146;243;24;87
"Noah Fant";"SEA";"TE";26.6;2677;"5857";"14137";1142;244;25;34
"Jacoby Brissett";"NE";"QB";31.5;2042;"3257";"12616";1136;245;39;61
"Greg Dulcich";"DEN";"TE";24.2;3550;"8172";"15797";1136;246;26;39
"Hunter Henry";"NE";"TE";29.5;675;"3214";"12676";1126;247;27;-62
"Tank Bigsby";"JAX";"RB";22.8;9925;"9225";"16164";1125;248;58;20
"Tyrone Tracy";"NYG";"RB";24.6;12123;"11655";"UNK";1119;249;59;0
"Wan'Dale Robinson";"NYG";"WR";23.4;4091;"8126";"15757";1119;250;80;21
"Rico Dowdle";"DAL";"RB";26;1465;"7021";"14823";1118;251;60;-62
"Jaleel McLaughlin";"DEN";"RB";23.8;11676;"11439";"16390";1115;252;61;202
"Theo Johnson";"NYG";"TE";23.3;11749;"11597";"UNK";1112;253;28;-27
"Brandin Cooks";"DAL";"WR";30.7;7088;"2197";"11674";1109;254;81;-3
"Ty Chandler";"MIN";"RB";26.1;8117;"8230";"15723";1108;255;62;-23
"Devontez Walker";"BAL";"WR";23;11777;"11629";"UNK";1106;256;82;-89
"Treylon Burks";"TEN";"WR";24.2;2373;"8135";"15752";1098;257;83;-57
"Brenden Rice";"LAC";"WR";22.2;11710;"11621";"UNK";1091;258;84;-58
"Jalin Hyatt";"NYG";"WR";22.7;9851;"9497";"16183";1081;259;85;33
"Will Shipley";"PHI";"RB";21.8;11743;"11577";"UNK";1066;260;63;-36
"Trey Lance";"DAL";"QB";24.1;4875;"7610";"15240";1040;261;40;133
"Taysom Hill";"NO";"TE";33.8;6915;"4381";"13424";1020;262;29;499
"2026 Round 3";"null";"PICK";"null";9664;"FP_2026_3";"FP_2026_3";1016;263;46;153
"Jelani Woods";"IND";"TE";25.7;8067;"8219";"15840";1010;264;30;357
"2025 Round 3";"null";"PICK";"null";9634;"FP_2025_3";"FP_2025_3";1005;265;47;-81
"Tyler Conklin";"NYJ";"TE";28.9;6147;"5133";"13675";996;266;31;96
"Adam Thielen";"CAR";"WR";33.8;4811;"1689";"11938";978;267;86;-54
"Isaac Guerendo";"SF";"RB";24;11789;"11651";"UNK";972;268;64;-30
"Elijah Moore";"CLE";"WR";24.2;4250;"7596";"15288";945;269;87;-33
"Kenny Pickett";"PHI";"QB";26;5730;"8160";"15692";938;270;41;-18
"Khalil Herbert";"CHI";"RB";26.2;320;"7608";"15271";937;271;65;34
"Rondale Moore";"ATL";"WR";24;2214;"7601";"15283";932;272;88;46
"2027 Round 3";"null";"PICK";"null";9694;"FP_2027_3";"FP_2027_3";924;273;48;-67
"Daniel Bellinger";"NYG";"TE";23.7;2752;"8225";"15873";914;274;32;235
"Darren Waller";"NYG";"TE";31.8;4485;"2505";"12263";898;275;33;163
"Jordan Travis";"NYJ";"QB";24.1;11756;"11567";"UNK";874;276;42;-143
"Jonathan Mingo";"CAR";"WR";23.2;9867;"10225";"16197";869;277;89;-64
"Joe Flacco";"IND";"QB";39.4;2323;"19";"9064";867;278;43;93
"AJ Dillon";"GB";"RB";26.1;3368;"6828";"14805";852;279;66;-116
"Jonnu Smith";"MIA";"TE";28.8;4185;"4144";"13193";849;280;34;-69
"Drew Lock";"NYG";"QB";27.6;3577;"5854";"14057";824;281;44;-74
"Alexander Mattison";"LV";"RB";26;7600;"5987";"14223";821;282;67;-221
"Juwan Johnson";"NO";"TE";27.8;5552;"7002";"14861";802;283;35;49
"Jake Browning";"CIN";"QB";28.2;438;"6111";"14358";797;284;45;-133
"Malik Washington";"MIA";"WR";23.4;11770;"11610";"UNK";794;285;90;-60
"Chase Claypool";"MIA";"WR";25.9;3098;"6886";"14841";789;286;91;485
"Erick All";"CIN";"TE";23.8;11761;"11592";"UNK";787;287;36;-40
"Cade Stover";"HOU";"TE";24;11695;"11599";"UNK";764;288;37;-21
"Dylan Laube";"LV";"RB";24.5;11768;"11574";"UNK";755;289;68;-41
"Elijah Mitchell";"SF";"RB";26.1;2660;"7561";"15263";735;290;69;-102
"Dawson Knox";"BUF";"TE";27.6;1787;"5906";"14143";721;291;38;6
"Hendon Hooker";"DET";"QB";26.4;9881;"9998";"16151";709;292;46;-235
"Mac Jones";"JAX";"QB";25.8;6814;"7527";"15241";705;293;47;56
"Rasheen Ali";"BAL";"RB";23.3;11727;"11570";"UNK";698;294;70;-28
"Mike Gesicki";"CIN";"TE";28.7;7291;"4993";"13672";682;295;39;-182
"Trey Palmer";"TB";"WR";23.2;9855;"9492";"16199";675;296;92;4
"Tyler Boyd";"CIN";"WR";29.6;5860;"3225";"12650";666;297;93;-321
"A.T. Perry";"NO";"WR";24.6;9902;"10863";"16196";662;298;94;-62
"Zach Wilson";"DEN";"QB";24.9;6731;"7538";"15239";653;299;48;-237
"Miles Sanders";"CAR";"RB";27.1;5455;"6151";"14079";635;300;71;-230
"Jacob Cowing";"SF";"WR";23.4;11778;"11616";"UNK";633;301;95;-61
"Jared Wiley";"KC";"TE";23.6;11732;"11595";"UNK";629;302;40;-26
"Desmond Ridder";"ARI";"QB";24.8;548;"8159";"15697";608;303;49;9
"Frank Gore";"BUF";"RB";22.3;11715;"11573";"UNK";597;304;72;-9
"Zach Ertz";"WAS";"TE";33.6;324;"1339";"11247";582;305;41;67
"Jameis Winston";"CLE";"QB";30.4;794;"2306";"12140";576;306;50;-20
"Odell Beckham";"null";"WR";31.6;2245;"2078";"11679";561;307;96;-475
"Zay Jones";"null";"WR";29.2;3759;"4080";"13176";555;308;97;-141
"Kenneth Gainwell";"PHI";"RB";25.3;4476;"7567";"15255";521;309;73;-42
"Clyde Edwards-Helaire";"KC";"RB";25.2;8140;"6820";"14803";519;310;74;30
"D'Onta Foreman";"CLE";"RB";28.1;5877;"4111";"13134";514;311;75;228
"Greg Dortch";"ARI";"WR";26.1;938;"5970";"14108";509;312;98;177
"Colby Parkinson";"LAR";"TE";25.4;6289;"6865";"14871";492;313;42;193
"Joe Milton";"NE";"QB";24.3;11772;"11557";"UNK";488;314;51;-5
"Jalen Tolbert";"DAL";"WR";25.3;2144;"8117";"15788";483;315;99;197
"Jimmy Garoppolo";"LAR";"QB";32.6;2899;"1837";"11760";481;316;52;-15
"DJ Chark";"LAC";"WR";27.7;6012;"4951";"13668";452;317;100;-265
"K.J. Osborn";"NE";"WR";27;4545;"7066";"14977";449;318;101;-158
"Louis Rees-Zammit";"KC";"RB";23.4;12193;"11652";"UNK";447;319;76;-9
"Jaheim Bell";"NE";"TE";23;11741;"11605";"UNK";446;320;43;-25
"Cam Akers";"MIN";"RB";25;2937;"6938";"14799";445;321;77;60
"Ainias Smith";"PHI";"WR";23;11722;"11615";"UNK";439;322;102;-1
"Johnny Wilson";"PHI";"WR";23.2;11773;"11636";"UNK";433;323;103;-27
"Tre Tucker";"LV";"WR";23.3;9873;"10213";"16287";417;324;104;61
"Joshua Dobbs";"SF";"QB";29.4;244;"4179";"13119";416;325;53;87
"Gerald Everett";"CHI";"TE";30;153;"4089";"13236";409;326;44;-13
"Cornelius Johnson";"LAC";"WR";23.5;11952;"11815";"UNK";399;327;105;6
"Jalen Coker";"CAR";"WR";"null";11783;"11646";"UNK";398;328;106;-5
"Kadarius Toney";"KC";"WR";25.4;3404;"7606";"15289";397;329;107;-77
"Eric Gray";"NYG";"RB";24.6;9895;"10223";"16173";393;330;78;181
"Skyy Moore";"KC";"WR";23.8;1622;"8168";"15766";393;331;108;-114
"Alec Pierce";"IND";"WR";24.1;5433;"8142";"15768";389;332;109;-234
"Isaiah Davis";"NYJ";"RB";22.3;11767;"11571";"UNK";384;333;79;-11
"Hayden Hurst";"LAC";"TE";30.8;4362;"4973";"13680";378;334;45;104
"Darnell Washington";"PIT";"TE";22.8;9923;"9479";"16216";372;335;46;82
"Deuce Vaughn";"DAL";"RB";22.6;9900;"9505";"16176";372;336;80;16
"John Metchie";"HOU";"WR";23.9;3812;"8147";"15759";369;337;110;-72
"Jamari Thrash";"CLE";"WR";23.5;11755;"11633";"UNK";363;338;111;-21
"Jarrett Stidham";"DEN";"QB";27.9;7992;"6136";"14063";359;339;54;-95
"Blake Watson";"DEN";"RB";24.7;11703;"11568";"UNK";358;340;81;-22
"Kendrick Bourne";"NE";"WR";28.9;1449;"4454";"13418";350;341;112;42
"Trey Sermon";"IND";"RB";25.4;7028;"7593";"15257";337;342;82;337
"Evan Hull";"IND";"RB";23.6;9885;"9220";"16180";333;343;83;-106
"Luke Schoonmaker";"DAL";"TE";25.7;11006;"10871";"16221";331;344;47;-74
"Tutu Atwell";"LAR";"WR";24.7;8432;"7562";"15301";317;345;113;-54
"Bub Means";"NO";"WR";23.4;11896;"11748";"UNK";314;346;114;-9
"Tyler Higbee";"LAR";"TE";31.5;5467;"3271";"12678";308;347;48;-153
"Ryan Flournoy";"DAL";"WR";24.6;11873;"11783";"UNK";289;348;115;-6
"Darius Slayton";"NYG";"WR";27.4;6028;"6149";"14122";287;349;116;-24
"Chris Rodriguez";"WAS";"RB";23.7;9831;"10219";"16174";285;350;84;8
"AJ Barner";"SEA";"TE";22.1;11720;"11603";"UNK";280;351;49;-2
"JuJu Smith-Schuster";"NE";"WR";27.6;8033;"4040";"13156";278;352;117;8
"Dillon Johnson";"TEN";"RB";23;11712;"11580";"UNK";276;353;85;-11
"Tyson Bagent";"CHI";"QB";24;11408;"11256";"16384";273;354;55;105
"Israel Abanikanda";"NYJ";"RB";21.7;9845;"9227";"16168";273;355;86;-70
"Cody Schrader";"SF";"RB";24.8;11787;"11644";"UNK";268;356;87;6
"Cedric Tillman";"CLE";"WR";24.2;9904;"10444";"16191";266;357;118;-139
"Michael Pratt";"GB";"QB";22.7;11759;"11561";"UNK";259;358;56;-8
"Jase McClellan";"ATL";"RB";22;11723;"11590";"UNK";257;359;88;-6
"Michael Gallup";"LV";"WR";28.3;3417;"5038";"13646";255;360;119;-65
"Andrei Iosivas";"CIN";"WR";24.7;9959;"10226";"16207";243;361;120;-136
"Michael Thomas";"NO";"WR";31.3;17;"3199";"12652";243;362;121;-107
"Tyrod Taylor";"NYJ";"QB";34.9;4418;"827";"10413";242;363;57;34
"Tahj Washington";"MIA";"WR";23.1;11936;"11821";"UNK";241;364;122;16
"Jordan Whittington";"LAR";"WR";23.7;11721;"11623";"UNK";239;365;123;12
"Noah Brown";"HOU";"WR";28.4;1230;"4234";"13172";239;366;124;14
"Tanner McLachlan";"CIN";"TE";25.3;11769;"11598";"UNK";236;367;50;6
"Jamaal Williams";"NO";"RB";29.2;4085;"4149";"13139";224;368;89;-46
"Sam Hartman";"WAS";"QB";24.9;11709;"11558";"UNK";215;369;58;-2
"Demarcus Robinson";"LAR";"WR";29.7;448;"3286";"12785";212;370;125;-27
"Noah Gray";"KC";"TE";25.1;865;"7828";"15337";207;371;51;-165
"Emani Bailey";"KC";"RB";22.5;12344;"11998";"UNK";206;372;90;-8
"Calvin Austin";"PIT";"WR";25.2;4996;"8125";"15777";205;373;126;-11
"Parker Washington";"JAX";"WR";22.2;9894;"9487";"16192";201;374;127;-40
"Marcus Mariota";"WAS";"QB";30.6;7818;"2307";"12141";200;375;59;-188
"Donovan Peoples-Jones";"DET";"WR";25.3;5194;"6824";"14857";200;376;128;16
"Anthony Gould";"IND";"WR";23.2;11930;"11762";"UNK";194;377;129;10
"Davis Allen";"LAR";"TE";23.4;9980;"10214";"16219";193;378;52;-93
"Mike White";"MIA";"QB";29.2;2288;"5089";"13598";184;379;60;33
"Carson Wentz";"KC";"QB";31.5;7100;"3161";"12610";179;380;61;89
"Michael Carter";"ARI";"RB";25.1;4611;"7607";"15258";177;381;91;13
"Justice Hill";"BAL";"RB";26.6;5156;"5995";"14086";174;382;92;-66
"Jauan Jennings";"SF";"WR";26.9;2631;"7049";"14860";173;383;130;92
"Isaiah Spiller";"LAC";"RB";22.9;3121;"8153";"15709";172;384;93;-77
"Dalvin Cook";"BAL";"RB";28.9;7493;"4029";"13128";170;385;94;-126
"Jawhar Jordan";"HOU";"RB";24.8;11705;"11588";"UNK";169;386;95;3
"Donald Parham";"LAC";"TE";26.8;4065;"6074";"14341";165;387;53;85
"Marquez Valdes-Scantling";"null";"WR";29.7;5958;"5086";"13793";163;388;131;163
"Bo Melton";"GB";"WR";25.1;7422;"8204";"15785";158;389;132;38
"Josh Reynolds";"DEN";"WR";29.3;5612;"4171";"13168";153;390;133;-50
"Kyle Trask";"TB";"QB";26.3;7922;"7605";"15242";151;391;62;132
"Tip Reiman";"ARI";"TE";22.7;11878;"11716";"UNK";148;392;54;8
"Brevin Jordan";"HOU";"TE";23.9;6946;"7568";"15330";136;393;55;-142
"Kareem Hunt";"CLE";"RB";28.9;6621;"4098";"13138";134;394;96;-47
"Logan Thomas";"null";"TE";33;5726;"2251";"11647";131;395;56;12
"Zach Evans";"LAR";"RB";23;9866;"9222";"16163";131;396;97;-21
"Ryan Tannehill";"TEN";"QB";35.9;2313;"1049";"10697";129;397;63;-107
"Dallin Holker";"NO";"TE";24.2;11760;"11606";"UNK";124;398;57;7
"Allen Lazard";"NYJ";"WR";28.5;5460;"5185";"13632";122;399;134;-60
"Mitchell Trubisky";"BUF";"QB";29.8;3691;"3976";"13115";120;400;64;56
"Kendall Milton";"PHI";"RB";"null";11791;"11649";"UNK";114;401;98;0
"Jordan Mason";"SF";"RB";25.1;5469;"8408";"15972";104;402;99;92
"Tyler Scott";"CHI";"WR";22.7;9834;"9490";"16205";103;403;135;62
"Royce Freeman";"DAL";"RB";28.3;5831;"5046";"13617";100;404;100;17
"Tim Patrick";"DEN";"WR";30.6;4730;"4351";"13377";100;405;136;100
"Adam Trautman";"DEN";"TE";27.4;1119;"6869";"14870";96;406;58;96
"Colson Yankoff";"WAS";"TE";"null";11950;"11942";"UNK";91;407;59;6
"Jha'Quan Jackson";"TEN";"WR";24.1;12063;"11808";"UNK";91;408;137;2
"Charlie Jones";"CIN";"WR";25.6;9966;"10228";"16203";91;409;138;-22
"Casey Bauman";"LAC";"QB";"null";12149;"11848";"UNK";90;410;65;5
"Samaje Perine";"DEN";"RB";28.8;3463;"4147";"13133";90;411;101;-193
"Isaiah Williams";"DET";"WR";23.4;11757;"11608";"UNK";89;412;139;0
"Devaughn Vele";"DEN";"WR";26.5;11908;"11834";"UNK";88;413;140;-2
"Sean Tucker";"TB";"RB";22.6;9915;"9506";"16166";88;414;102;-18
"Carter Bradley";"LV";"QB";24.3;11919;"11851";"UNK";84;415;66;-3
"DeWayne McBride";"MIN";"RB";22.9;9832;"9512";"16179";82;416;103;82
"Devin Culp";"TB";"TE";24.4;11801;"11820";"UNK";81;417;60;0
"Emari Demercado";"ARI";"RB";25.4;11170;"11199";"16385";79;418;104;-20
"Marcus Rosemy-Jacksaint";"WAS";"WR";22.4;11916;"11946";"UNK";77;419;141;3
"Dante Miller";"NYG";"RB";"null";12112;"11654";"UNK";76;420;105;-1
"Durham Smythe";"MIA";"TE";28.9;2741;"5008";"13676";76;421;61;76
"Brevyn Spann-Ford";"DAL";"TE";"null";11730;"11593";"UNK";72;422;62;1
"Rashaad Penny";"PHI";"RB";28.4;1472;"4985";"13608";72;423;106;-15
"Bailey Zappe";"NE";"QB";25.1;1811;"8157";"15696";70;424;67;44
"Dorian Thompson-Robinson";"CLE";"QB";24.6;9945;"10862";"16158";69;425;68;-78
"John Rhys Plumlee";"PIT";"QB";23.5;12152;"11859";"UNK";67;426;69;-2
"Tyquan Thornton";"NE";"WR";23.8;5858;"8188";"15787";66;427;142;-81
"Ayir Asante";"NYG";"WR";"null";11879;"12097";"UNK";63;428;143;0
"Jack Plummer";"CAR";"QB";24.7;11925;"12009";"UNK";61;429;70;4
"Justin Shorter";"BUF";"WR";24.2;9852;"9489";"16210";57;430;144;-129
"Devin Leary";"BAL";"QB";24.8;11733;"11556";"UNK";55;431;71;-1
"David Bell";"CLE";"WR";23.5;2588;"8118";"15758";55;432;145;55
"Joshua Cephus";"JAX";"WR";23.3;11882;"12114";"UNK";53;433;146;2
"Malik Willis";"TEN";"QB";25.1;6888;"8161";"15694";53;434;72;53
"Kedon Slovis";"IND";"QB";23.2;11785;"11648";"UNK";52;435;73;-1
"Terique Owens";"SF";"WR";24.7;12218;"11925";"UNK";51;436;147;-1
"Mason Rudolph";"TEN";"QB";28.9;4357;"4972";"13595";50;437;74;-25
"Jeremy Ruckert";"NYJ";"TE";23.8;4210;"8145";"15796";46;438;63;46
"Kayshon Boutte";"NE";"WR";22.1;9939;"9504";"16193";46;439;148;-24
"Luke Benson";"LAC";"TE";"null";11894;"11862";"UNK";45;440;64;-1
"Chase Edmonds";"TB";"RB";28.2;3120;"5000";"13726";45;441;107;45
"Jaden Shirden";"CAR";"RB";22.1;12087;"12013";"UNK";43;442;108;1
"Casey Washington";"ATL";"WR";23.3;12312;"11806";"UNK";42;443;149;2
"Hayden Hatten";"SEA";"WR";"null";11713;"11607";"UNK";40;444;150;-1
"Carson Steele";"KC";"RB";"null";11717;"11582";"UNK";40;445;109;-1
"Jake Bobo";"SEA";"WR";25.9;11025;"10867";"16393";40;446;151;-74
"George Holani";"SEA";"RB";"null";12166;"12048";"UNK";39;447;110;1
"Xavier Hutchinson";"HOU";"WR";24;9854;"10218";"16201";39;448;152;-34
"Jaelen Gill";"LAC";"WR";"null";12029;"11867";"UNK";38;449;153;0
"Xavier Gipson";"NYJ";"WR";23.3;11481;"11306";"16416";37;450;154;-28
"Pierre Strong";"CLE";"RB";25.5;1312;"8116";"15733";36;451;111;36
"Brandon Powell";"MIN";"WR";28.8;6282;"5695";"13910";35;452;155;35
"Tejhaun Palmer";"ARI";"WR";24.1;12017;"11802";"UNK";34;453;156;3
"Jeff Wilson";"MIA";"RB";28.6;4282;"5284";"14017";34;454;112;34
"Xavier Johnson";"BUF";"WR";"null";11889;"11969";"UNK";31;455;157;1
"Daijun Edwards";"PIT";"RB";23.2;11967;"11857";"UNK";31;456;113;0
"Deshaun Fenwick";"NE";"RB";"null";12367;"12121";"UNK";30;457;114;0
"Zach Heins";"LAC";"TE";"null";11956;"11864";"UNK";30;458;65;1
"Nathaniel Peat";"DAL";"RB";"null";12057;"12007";"UNK";30;459;115;1
"Xavier Weaver";"ARI";"WR";23.7;12298;"11921";"UNK";27;460;158;-4
"Bru McCoy";"null";"WR";"null";11771;"11612";"UNK";25;461;159;1
"Tahj Brooks";"null";"RB";"null";11775;"11572";"UNK";25;462;116;0
"Parris Campbell";"PHI";"WR";26.9;831;"5880";"14112";25;463;160;25
"Ronnie Bell";"SF";"WR";24.4;9890;"10221";"16202";24;464;161;-7
"Tanner Hudson";"CIN";"TE";29.6;3343;"5409";"14370";23;465;66;23
"Tanner Mordecai";"SF";"QB";24.6;11895;"11924";"UNK";22;466;75;-2
"Jack Westover";"SEA";"TE";"null";11847;"12045";"UNK";19;467;67;0
"Jaylen Johnson";"LAC";"WR";"null";12010;"11874";"UNK";19;468;162;-4
"Tom Brady";"null";"QB";46.9;7732;"167";"5848";19;469;76;19
"Elijah Higgins";"ARI";"TE";23.6;9825;"10231";"16333";17;470;68;17
"Gavin Hardison";"MIA";"QB";"null";12276;"12149";"UNK";12;471;77;0
"Robert Woods";"HOU";"WR";32.2;391;"1352";"11228";11;472;163;-15
"Jaaron Hayek";"KC";"WR";"null";12019;"12170";"UNK";10;473;164;1
"Keilan Robinson";"JAX";"RB";24.3;11924;"11773";"UNK";10;474;117;0
"Josh Williams";"null";"RB";"null";11704;"11587";"UNK";10;475;118;1
"Kyle Sheets";"NO";"WR";"null";12093;"11901";"UNK";9;476;165;0
"Patrick Murtagh";"JAX";"TE";24.3;11093;"11245";"UNK";9;477;69;0
"Trey Knox";"MIN";"TE";"null";11735;"11601";"UNK";9;478;70;0
"Rakim Jarrett";"TB";"WR";23.4;9860;"9495";"16198";9;479;166;9
"Foster Moreau";"NO";"TE";27.1;8342;"5985";"14239";9;480;71;9
"Chris Collier";"BAL";"RB";"null";11850;"11963";"UNK";8;481;119;-1
"Miyan Williams";"null";"RB";"null";11753;"11578";"UNK";8;482;120;0
"Cole Burgess";"CIN";"WR";"null";11988;"12210";"UNK";7;483;167;0
"Michael Wiley";"WAS";"RB";23.6;11921;"11943";"UNK";7;484;121;0
"Jarquez Hunter";"null";"RB";"null";11707;"11569";"UNK";7;485;122;0
"Lorenzo Lingard";"JAX";"RB";"null";12034;"12226";"UNK";4;486;123;1
"Aidan Robbins";"CLE";"RB";"null";12058;"12080";"UNK";3;487;124;0
"Drake Stoops";"LAR";"WR";"null";11863;"12133";"UNK";2;488;168;-1
"Moose Muhammad";"null";"WR";"null";11745;"11614";"UNK";2;489;169;0
"Ty Johnson";"BUF";"RB";26.7;607;"6039";"14095";1;490;125;1