Player,Pos,Rnd,Pick,Age,To,year
Sam Bradford,QB,1,1,22,2018,2010
C.J. Spiller,RB,1,9,23,2017,2010
Ryan Mathews,RB,1,12,22,2016,2010
Jermaine Gresham,TE,1,21,22,2018,2010
Demaryius Thomas,WR,1,22,22,2019,2010
Dez Bryant,WR,1,24,21,2020,2010
Tim Tebow,QB,1,25,23,2012,2010
Jahvid Best,RB,1,30,21,2011,2010
Dexter McCluster,WR,2,36,21,2016,2010
Arrelious Benn,WR,2,39,21,2017,2010
Rob Gronkowski,TE,2,42,21,2021,2010
Jimmy Clausen,QB,2,48,22,2015,2010
Toby Gerhart,RB,2,51,23,2015,2010
Ben Tate,RB,2,58,22,2014,2010
Montario Hardesty,RB,2,59,23,2012,2010
Golden Tate,WR,2,60,22,2020,2010
Ed Dickson,TE,3,70,23,2018,2010
Damian Williams,WR,3,77,22,2014,2010
Brandon LaFell,WR,3,78,23,2018,2010
Emmanuel Sanders,WR,3,82,23,2021,2010
Jordan Shipley,WR,3,84,24,2012,2010
Colt McCoy,QB,3,85,24,2022,2010
Eric Decker,WR,3,87,23,2017,2010
Andre Roberts,WR,3,88,22,2022,2010
Armanti Edwards,WR,3,89,22,2013,2010
Taylor Price,WR,3,90,22,2011,2010
Tony Moeaki,TE,3,93,23,2015,2010
Jimmy Graham,TE,3,95,23,2021,2010
Mardy Gilyard,WR,4,99,23,2012,2010
Marcus Easley,WR,4,107,22,2015,2010
Jacoby Ford,WR,4,108,23,2013,2010
Joe McKnight,RB,4,112,22,2014,2010
Aaron Hernandez,TE,4,113,20,2012,2010
Dennis Pitta,TE,4,114,25,2016,2010
Garrett Graham,TE,4,118,24,2015,2010
Mike Kafka,QB,4,122,23,2011,2010
Clay Harbor,TE,4,125,23,2016,2010
Michael Hoomanawanui,TE,5,132,22,2017,2010
John Conner,RB,5,139,23,2014,2010
Andrew Quarless,TE,5,154,21,2015,2010
John Skelton,QB,5,155,22,2012,2010
David Reed,WR,5,156,23,2013,2010
Riley Cooper,WR,5,159,22,2015,2010
Brody Eldridge,TE,5,162,23,2011,2010
Kerry Meier,WR,5,165,23,2011,2010
Jonathan Crompton,QB,5,168,23,,2010
Fendi Onobun,TE,6,170,23,2011,2010
Anthony Dixon,RB,6,173,22,2015,2010
Dennis Morris,RB,6,174,,,2010
Rusty Smith,QB,6,176,23,2012,2010
Carlton Mitchell,WR,6,177,22,2011,2010
Deji Karim,RB,6,180,23,2013,2010
Dan LeFevour,QB,6,181,23,,2010
Nate Byham,TE,6,182,22,2013,2010
Anthony McCoy,TE,6,185,22,2015,2010
Jonathan Dwyer,RB,6,188,21,2014,2010
Dezmon Briscoe,WR,6,191,21,2012,2010
James Starks,RB,6,193,24,2016,2010
Antonio Brown,WR,6,195,22,2021,2010
Trindon Holliday,WR,6,197,24,2014,2010
David Gettis,WR,6,198,23,2012,2010
Joe Webb,WR,6,199,23,2020,2010
Charles Scott,RB,6,200,,,2010
Tony Pike,QB,6,204,24,2010,2010
Kyle Williams,WR,6,206,22,2013,2010
Levi Brown,QB,7,209,23,2010,2010
Mickey Shuler,TE,7,214,23,2015,2010
Terrence Austin,WR,7,219,22,2011,2010
Marc Mariani,WR,7,222,23,2016,2010
Dorin Dickerson,WR,7,227,22,2013,2010
Jim Dray,TE,7,233,23,2017,2010
Dedrick Epps,TE,7,235,22,2012,2010
Ryan D'Imperio,RB,7,237,23,2011,2010
Sean Canfield,QB,7,239,24,,2010
Jameson Konz,TE,7,245,24,2011,2010
Zac Robinson,QB,7,250,23,,2010
Tim Toone,WR,7,255,25,,2010
Cam Newton,QB,1,1,22,2021,2011
A.J. Green,WR,1,4,23,2022,2011
Julio Jones,WR,1,6,22,2022,2011
Jake Locker,QB,1,8,23,2014,2011
Blaine Gabbert,QB,1,10,21,2022,2011
Christian Ponder,QB,1,12,23,2014,2011
Jonathan Baldwin,WR,1,26,22,2013,2011
Mark Ingram,RB,1,28,21,2022,2011
Andy Dalton,QB,2,35,23,2022,2011
Colin Kaepernick,QB,2,36,23,2016,2011
Ryan Williams,RB,2,38,21,2012,2011
Kyle Rudolph,TE,2,43,21,2022,2011
Titus Young,WR,2,44,22,2012,2011
Lance Kendricks,TE,2,47,23,2019,2011
Shane Vereen,RB,2,56,22,2017,2011
Mikel Leshoure,RB,2,57,21,2013,2011
Torrey Smith,WR,2,58,22,2018,2011
Greg Little,WR,2,59,22,2014,2011
Daniel Thomas,RB,2,62,23,2014,2011
Randall Cobb,WR,2,64,21,2022,2011
Rob Housler,TE,3,69,23,2015,2011
DeMarco Murray,RB,3,71,23,2017,2011
Stevan Ridley,RB,3,73,22,2018,2011
Ryan Mallett,QB,3,74,23,2017,2011
Austin Pettis,WR,3,78,23,2014,2011
Leonard Hankerson,WR,3,79,22,2015,2011
Vincent Brown,WR,3,82,22,2015,2011
Jerrel Jernigan,WR,3,83,22,2014,2011
Alex Green,RB,3,96,23,2013,2011
Jordan Cameron,TE,4,102,23,2016,2011
Luke Stocker,TE,4,104,23,2021,2011
Roy Helu,RB,4,105,22,2015,2011
Kris Durham,WR,4,107,23,2014,2011
Clyde Gates,WR,4,111,25,2013,2011
Greg Salas,WR,4,112,23,2016,2011
Cecil Shorts,WR,4,114,23,2016,2011
Kendall Hunter,RB,4,115,22,2015,2011
Delone Carter,RB,4,119,24,2013,2011
Tandon Doss,WR,4,123,21,2013,2011
Owen Marecic,RB,4,124,22,2012,2011
Taiwan Jones,RB,4,125,23,2022,2011
Bilal Powell,RB,4,126,22,2019,2011
Julius Thomas,TE,4,129,23,2017,2011
Jamie Harper,RB,4,130,21,2012,2011
Kealoha Pilares,WR,5,132,23,2012,2011
Johnny White,RB,5,133,23,2012,2011
Ricky Stanzi,QB,5,135,24,,2011
Anthony Sherman,RB,5,136,22,2020,2011
D.J. Williams,TE,5,141,22,2013,2011
Jacquizz Rodgers,RB,5,145,21,2018,2011
Denarius Moore,WR,5,148,22,2015,2011
Dion Lewis,RB,5,149,20,2020,2011
T.J. Yates,QB,5,152,24,2017,2011
Jeremy Kerley,WR,5,153,22,2018,2011
Niles Paul,WR,5,155,22,2018,2011
Lee Smith,TE,5,159,23,2021,2011
Nathan Enderle,QB,5,160,23,,2011
Ryan Whalen,WR,6,167,22,2013,2011
Charles Clay,TE,6,174,22,2019,2011
Dwayne Harris,WR,6,176,23,2020,2011
Evan Royster,RB,6,177,23,2013,2011
Aldrick Robinson,WR,6,178,22,2018,2011
Tyrod Taylor,QB,6,180,22,2022,2011
Richard Gordon,TE,6,181,24,2015,2011
Ronald Johnson,WR,6,182,23,,2011
Jordan Todman,RB,6,183,21,2017,2011
Allen Bradford,RB,6,187,23,2015,2011
Virgil Green,TE,7,204,23,2020,2011
Greg McElroy,QB,7,208,23,2012,2011
Ryan Taylor,TE,7,218,23,2014,2011
Shaun Chapas,RB,7,220,23,2012,2011
Da'Rel Scott,RB,7,221,23,2013,2011
Shane Bannon,RB,7,223,22,,2011
Anthony Allen,RB,7,225,23,2012,2011
Scotty McKnight,WR,7,227,23,,2011
Baron Batch,RB,7,232,23,2012,2011
Stephen Burton,WR,7,236,21,2013,2011
Daniel Hardy,TE,7,238,24,,2011
Stanley Havili,RB,7,240,23,2013,2011
David Ausberry,WR,7,241,23,2014,2011
Jay Finley,RB,7,246,23,,2011
DeMarco Sampson,WR,7,249,25,2011,2011
Andrew Luck,QB,1,1,22,2018,2012
Robert Griffin III,QB,1,2,22,2020,2012
Trent Richardson,RB,1,3,22,2014,2012
Justin Blackmon,WR,1,5,22,2013,2012
Ryan Tannehill,QB,1,8,24,2022,2012
Michael Floyd,WR,1,13,22,2018,2012
Kendall Wright,WR,1,20,22,2017,2012
Brandon Weeden,QB,1,22,28,2018,2012
A.J. Jenkins,WR,1,30,22,2014,2012
Doug Martin,RB,1,31,23,2018,2012
David Wilson,RB,1,32,21,2013,2012
Brian Quick,WR,2,33,23,2018,2012
Coby Fleener,TE,2,34,23,2017,2012
Stephen Hill,WR,2,43,21,2013,2012
Alshon Jeffery,WR,2,45,22,2020,2012
Isaiah Pead,RB,2,50,22,2016,2012
Ryan Broyles,WR,2,54,24,2014,2012
Brock Osweiler,QB,2,57,21,2018,2012
LaMichael James,RB,2,61,22,2015,2012
Rueben Randle,WR,2,63,21,2015,2012
Dwayne Allen,TE,3,64,22,2018,2012
Ronnie Hillman,RB,3,67,20,2016,2012
DeVier Posey,WR,3,68,22,2014,2012
T.J. Graham,WR,3,69,23,2015,2012
Russell Wilson,QB,3,75,23,2022,2012
Michael Egnew,TE,3,78,22,2013,2012
Mohamed Sanu,WR,3,83,23,2021,2012
Bernard Pierce,RB,3,84,21,2015,2012
Nick Foles,QB,3,88,23,2022,2012
T.Y. Hilton,WR,3,92,22,2022,2012
Chris Givens,WR,4,96,22,2015,2012
Lamar Miller,RB,4,97,21,2020,2012
Travis Benjamin,WR,4,100,22,2021,2012
Kirk Cousins,QB,4,102,24,2022,2012
Joe Adams,WR,4,104,22,2012,2012
Robert Turbin,RB,4,106,22,2019,2012
Devon Wylie,WR,4,107,24,2013,2012
Ladarius Green,TE,4,110,22,2016,2012
Evan Rodriguez,TE,4,111,23,2014,2012
Orson Charles,TE,4,116,21,2018,2012
Jarius Wright,WR,4,118,22,2019,2012
Keshawn Martin,WR,4,121,22,2016,2012
Nick Toon,WR,4,122,23,2015,2012
Adrien Robinson,TE,4,127,23,2014,2012
Rhett Ellison,RB,4,128,23,2019,2012
Greg Childs,WR,4,134,22,,2012
Taylor Thompson,TE,5,145,22,2014,2012
Danny Coale,WR,5,152,24,,2012
Bradie Ewing,RB,5,157,22,2013,2012
Chris Rainey,RB,5,159,24,2013,2012
Marvin Jones,WR,5,166,22,2022,2012
Juron Criner,WR,5,168,22,2013,2012
Vick Ballard,RB,5,170,22,2013,2012
Alfred Morris,RB,6,173,23,2020,2012
Cyrus Gray,RB,6,182,22,2014,2012
B.J. Cunningham,WR,6,183,23,2013,2012
Ryan Lindley,QB,6,185,23,2015,2012
James Hanna,TE,6,186,23,2017,2012
Dan Herron,RB,6,191,23,2015,2012
Marvin McNutt,WR,6,194,23,2013,2012
Tommy Streeter,WR,6,198,22,2014,2012
Terrance Ganaway,RB,6,202,23,2012,2012
LaVon Brazill,WR,6,206,23,2013,2012
Michael Smith,RB,7,212,24,2012,2012
Rishard Matthews,WR,7,227,22,2018,2012
Bryce Brown,RB,7,229,21,2015,2012
Toney Clemons,WR,7,231,23,2012,2012
Drake Dunsmore,TE,7,233,23,,2012
Jeremy Ebert,WR,7,235,23,2013,2012
Junior Hemingway,WR,7,238,23,2014,2012
David Paulson,TE,7,240,23,2013,2012
B.J. Coleman,QB,7,243,23,,2012
Jordan White,WR,7,244,24,2012,2012
Brad Smelley,TE,7,247,23,2013,2012
Edwin Baker,RB,7,250,21,2014,2012
Daryl Richardson,RB,7,252,22,2016,2012
Chandler Harnish,QB,7,253,24,,2012
Tavon Austin,WR,1,8,23,2021,2013
EJ Manuel,QB,1,16,23,2017,2013
Tyler Eifert,TE,1,21,22,2020,2013
DeAndre Hopkins,WR,1,27,21,2022,2013
Cordarrelle Patterson,WR,1,29,22,2022,2013
Justin Hunter,WR,2,34,22,2018,2013
Zach Ertz,TE,2,35,22,2022,2013
Giovani Bernard,RB,2,37,21,2022,2013
Geno Smith,QB,2,39,22,2022,2013
Robert Woods,WR,2,41,21,2022,2013
Gavin Escobar,TE,2,47,22,2017,2013
Le'Veon Bell,RB,2,48,21,2021,2013
Vance McDonald,TE,2,55,23,2020,2013
Montee Ball,RB,2,58,22,2014,2013
Aaron Dobson,WR,2,59,22,2015,2013
Eddie Lacy,RB,2,61,23,2017,2013
Christine Michael,RB,2,62,22,2018,2013
Travis Kelce,TE,3,63,23,2022,2013
Mike Glennon,QB,3,73,23,2021,2013
Terrance Williams,WR,3,74,23,2018,2013
Keenan Allen,WR,3,76,21,2022,2013
Marquise Goodwin,WR,3,78,22,2022,2013
Markus Wheaton,WR,3,79,22,2018,2013
Jordan Reed,TE,3,85,23,2020,2013
Stedman Bailey,WR,3,92,22,2015,2013
Knile Davis,RB,3,96,21,2016,2013
Matt Barkley,QB,4,98,22,2020,2013
Ace Sanders,WR,4,101,21,2014,2013
Josh Boyce,WR,4,102,22,2014,2013
Dion Sims,TE,4,106,22,2018,2013
Ryan Nassib,QB,4,110,23,2015,2013
Tyler Wilson,QB,4,112,24,,2013
Landry Jones,QB,4,115,24,2017,2013
Chris Harper,WR,4,123,23,2013,2013
Johnathan Franklin,RB,4,125,23,2013,2013
Quinton Patton,WR,4,128,23,2016,2013
Kyle Juszczyk,RB,4,130,22,2022,2013
Marcus Lattimore,RB,4,131,21,,2013
Levine Toilolo,TE,4,133,22,2020,2013
Denard Robinson,WR,5,135,22,2016,2013
Stepfan Taylor,RB,5,140,22,2016,2013
Kenny Stills,WR,5,144,21,2021,2013
Joseph Randle,RB,5,151,21,2015,2013
Chris Thompson,RB,5,154,22,2020,2013
Luke Willson,TE,5,158,23,2020,2013
Zac Stacy,RB,5,160,22,2015,2013
Tavarres King,WR,5,161,23,2017,2013
Mike Gillislee,RB,5,164,22,2018,2013
Corey Fuller,WR,6,171,23,2015,2013
Nick Kasa,TE,6,172,22,2013,2013
Ryan Swope,WR,6,174,22,,2013
Latavius Murray,RB,6,181,23,2022,2013
Kenjon Barner,RB,6,182,24,2021,2013
Mychal Rivera,TE,6,184,22,2016,2013
Justin Brown,WR,6,186,22,2014,2013
Andre Ellington,RB,6,187,24,2017,2013
Mike James,RB,6,189,22,2016,2013
Rex Burkhead,RB,6,190,23,2022,2013
Spencer Ware,RB,6,194,21,2019,2013
Alan Bonner,WR,6,195,22,,2013
Cobi Hamilton,WR,6,197,22,2017,2013
Theo Riddick,RB,6,199,22,2020,2013
Ryan Griffin,TE,6,201,23,2022,2013
Brice Butler,WR,7,209,23,2018,2013
Michael Williams,TE,7,211,22,2015,2013
Tommy Bohanon,RB,7,215,22,2018,2013
Charles Johnson,WR,7,216,24,2016,2013
D.C. Jefferson,TE,7,219,24,2013,2013
Brad Sorensen,QB,7,221,25,,2013
Chris Gragg,TE,7,222,23,2015,2013
Kevin Dorsey,WR,7,224,23,2014,2013
Jawan Jamison,RB,7,228,21,,2013
Kerwynn Williams,RB,7,230,22,2017,2013
Zac Dysert,QB,7,234,23,,2013
Marquess Wilson,WR,7,236,20,2016,2013
B.J. Daniels,QB,7,237,24,2015,2013
Aaron Mellette,WR,7,238,23,,2013
Sean Renfree,QB,7,249,23,2015,2013
Michael Cox,RB,7,253,24,2014,2013
Justice Cunningham,TE,7,254,22,2015,2013
Blake Bortles,QB,1,3,22,2019,2014
Sammy Watkins,WR,1,4,21,2022,2014
Mike Evans,WR,1,7,21,2022,2014
Eric Ebron,TE,1,10,21,2021,2014
Odell Beckham Jr.,WR,1,12,21,2021,2014
Brandin Cooks,WR,1,20,20,2022,2014
Johnny Manziel,QB,1,22,21,2015,2014
Kelvin Benjamin,WR,1,28,23,2018,2014
Teddy Bridgewater,QB,1,32,21,2022,2014
Derek Carr,QB,2,36,23,2022,2014
Austin Seferian-Jenkins,TE,2,38,21,2018,2014
Marqise Lee,WR,2,39,22,2019,2014
Jordan Matthews,WR,2,42,22,2021,2014
Paul Richardson,WR,2,45,22,2019,2014
Jace Amaro,TE,2,49,22,2016,2014
Troy Niklas,TE,2,52,21,2017,2014
Davante Adams,WR,2,53,21,2022,2014
Bishop Sankey,RB,2,54,21,2015,2014
Jeremy Hill,RB,2,55,21,2018,2014
Cody Latimer,WR,2,56,21,2019,2014
Carlos Hyde,RB,2,57,23,2021,2014
Allen Robinson,WR,2,61,21,2022,2014
Jimmy Garoppolo,QB,2,62,22,2022,2014
Jarvis Landry,WR,2,63,21,2022,2014
C.J. Fiedorowicz,TE,3,65,22,2017,2014
Charles Sims,RB,3,69,23,2017,2014
Tre Mason,RB,3,75,21,2015,2014
Josh Huff,WR,3,86,22,2016,2014
Donte Moncrief,WR,3,90,21,2020,2014
John Brown,WR,3,91,24,2022,2014
Terrance West,RB,3,94,23,2017,2014
Jerick McKinnon,RB,3,96,22,2022,2014
Dri Archer,WR,3,97,23,2015,2014
Richard Rodgers,TE,3,98,22,2022,2014
Crockett Gillmore,TE,3,99,22,2016,2014
Devonta Freeman,RB,4,103,22,2021,2014
Jalen Saunders,WR,4,104,21,2014,2014
Bruce Ellington,WR,4,106,23,2018,2014
Andre Williams,RB,4,113,22,2017,2014
Shaquelle Evans,WR,4,115,23,,2014
Ka'Deem Carey,RB,4,117,21,2016,2014
Martavis Bryant,WR,4,118,22,2018,2014
Logan Thomas,QB,4,120,23,2022,2014
Kevin Norwood,WR,4,123,24,2015,2014
De'Anthony Thomas,RB,4,124,21,2019,2014
James White,RB,4,130,22,2021,2014
Tom Savage,QB,4,135,24,2017,2014
Lorenzo Taliaferro,RB,4,138,22,2016,2014
Ryan Grant,WR,5,142,23,2019,2014
Devin Street,WR,5,146,23,2016,2014
Arthur Lynch,TE,5,155,24,,2014
Aaron Murray,QB,5,163,23,,2014
A.J. McCarron,QB,5,164,23,2020,2014
Jared Abbrederis,WR,5,176,23,2017,2014
Zach Mettenberger,QB,6,178,23,2015,2014
Alfred Blue,RB,6,181,23,2018,2014
David Fales,QB,6,183,23,2019,2014
Robert Herron,WR,6,185,22,2014,2014
Lache Seastrunk,RB,6,186,23,,2014
T.J. Jones,WR,6,189,22,2019,2014
Matt Hazel,WR,6,190,22,2017,2014
Keith Wenning,QB,6,194,23,,2014
Walt Powell,WR,6,196,22,2016,2014
Marion Grice,RB,6,201,23,2014,2014
Tyler Gaffney,RB,6,204,23,,2014
Quincy Enunwa,WR,6,209,22,2019,2014
Tajh Boyd,QB,6,213,23,,2014
Garrett Gilbert,QB,6,214,23,2021,2014
Ted Bolser,TE,7,217,23,,2014
Michael Campanaro,WR,7,218,23,2017,2014
Storm Johnson,RB,7,222,22,2014,2014
Kiero Small,RB,7,227,25,2014,2014
Rob Blanchflower,TE,7,230,24,,2014
Jeff Janis,WR,7,236,23,2017,2014
James Wright,WR,7,239,22,2016,2014
Tevin Reese,WR,7,240,23,,2014
Jeremy Gallon,WR,7,244,24,,2014
Jameis Winston,QB,1,1,21,2022,2015
Marcus Mariota,QB,1,2,21,2022,2015
Amari Cooper,WR,1,4,21,2022,2015
Kevin White,WR,1,7,23,2022,2015
Todd Gurley,RB,1,10,21,2020,2015
DeVante Parker,WR,1,14,22,2022,2015
Melvin Gordon,RB,1,15,22,2022,2015
Nelson Agholor,WR,1,20,22,2022,2015
Breshad Perriman,WR,1,26,21,2022,2015
Phillip Dorsett,WR,1,29,22,2022,2015
T.J. Yeldon,RB,2,36,21,2020,2015
Devin Smith,WR,2,37,23,2021,2015
Dorial Green-Beckham,WR,2,40,22,2016,2015
Devin Funchess,TE,2,41,21,2019,2015
Ameer Abdullah,RB,2,54,22,2022,2015
Maxx Williams,TE,2,55,21,2022,2015
Clive Walford,TE,3,68,23,2019,2015
Tyler Lockett,WR,3,69,22,2022,2015
Jaelen Strong,WR,3,70,21,2017,2015
Tevin Coleman,RB,3,73,22,2022,2015
Garrett Grayson,QB,3,75,24,,2015
Chris Conley,WR,3,76,22,2022,2015
Duke Johnson,RB,3,77,21,2022,2015
Tyler Kroft,TE,3,85,22,2022,2015
David Johnson,RB,3,86,23,2022,2015
Sammie Coates,WR,3,87,22,2018,2015
Sean Mannion,QB,3,89,23,2021,2015
Jeff Heuerman,TE,3,92,22,2019,2015
Ty Montgomery,WR,3,94,22,2022,2015
Matt Jones,RB,3,95,22,2017,2015
Bryce Petty,QB,4,103,24,2017,2015
Jamison Crowder,WR,4,105,22,2022,2015
Jeremy Langford,RB,4,106,23,2018,2015
Justin Hardy,WR,4,107,23,2019,2015
Blake Bell,TE,4,117,24,2022,2015
Vince Mayle,WR,4,123,24,2017,2015
Javorius Allen,RB,4,125,24,2019,2015
Mike Davis,RB,4,126,22,2022,2015
DeAndre Smelter,WR,4,132,23,2016,2015
David Cobb,RB,5,138,22,2015,2015
Rashad Greene,WR,5,139,22,2018,2015
MyCole Pruitt,TE,5,143,23,2022,2015
Stefon Diggs,WR,5,146,21,2022,2015
Brett Hundley,QB,5,147,22,2019,2015
Jay Ajayi,RB,5,149,22,2019,2015
Karlos Williams,RB,5,155,22,2015,2015
Tony Lippett,WR,5,156,23,2018,2015
C.J. Uzomah,TE,5,157,22,2022,2015
JJ Nelson,WR,5,159,23,2019,2015
Jesse James,TE,5,160,21,2022,2015
Kenny Bell,WR,5,162,23,,2015
Nick Boyle,TE,5,171,22,2022,2015
James O'Shaughnessy,TE,5,173,23,2021,2015
Cameron Artis-Payne,RB,5,174,25,2018,2015
Keith Mumphery,WR,5,175,23,2016,2015
Kaelin Clay,WR,6,184,23,2018,2015
Geremy Davis,WR,6,186,23,2019,2015
Evan Spencer,WR,6,187,22,2015,2015
Nick O'Leary,TE,6,194,23,2019,2015
Malcolm Johnson,TE,6,195,23,2016,2015
Randall Telfer,TE,6,198,23,2017,2015
Bud Sasser,WR,6,201,,,2015
A.J. Derby,TE,6,202,23,2018,2015
Darren Waller,WR,6,204,22,2022,2015
Josh Robinson,RB,6,205,23,2015,2015
Kennard Backman,TE,6,213,22,2015,2015
Neal Sterling,WR,7,220,23,2018,2015
Andre Debose,WR,7,221,,,2015
Ben Koyack,TE,7,229,22,2019,2015
Marcus Murphy,RB,7,230,23,2018,2015
Da'Ron Brown,WR,7,233,23,,2015
Dezmin Lewis,WR,7,234,22,2016,2015
Kenny Hilliard,RB,7,235,23,,2015
Mario Alford,WR,7,238,23,2016,2015
Tre McBride,WR,7,245,22,2017,2015
Geoff Swaim,TE,7,246,21,2022,2015
Trevor Siemian,QB,7,250,23,2022,2015
Rory Anderson,TE,7,254,22,,2015
Gerald Christian,TE,7,256,24,2016,2015
Jared Goff,QB,1,1,21,2022,2016
Carson Wentz,QB,1,2,23,2022,2016
Ezekiel Elliott,RB,1,4,21,2022,2016
Corey Coleman,WR,1,15,22,2018,2016
Will Fuller,WR,1,21,22,2021,2016
Josh Doctson,WR,1,22,23,2019,2016
Laquon Treadwell,WR,1,23,21,2022,2016
Paxton Lynch,QB,1,26,22,2017,2016
Hunter Henry,TE,2,35,21,2022,2016
Sterling Shepard,WR,2,40,23,2022,2016
Derrick Henry,RB,2,45,22,2022,2016
Michael Thomas,WR,2,47,23,2022,2016
Christian Hackenberg,QB,2,51,21,,2016
Tyler Boyd,WR,2,55,21,2022,2016
Kenyan Drake,RB,3,73,22,2022,2016
Austin Hooper,TE,3,81,21,2022,2016
Braxton Miller,WR,3,85,23,2017,2016
Leonte Carroo,WR,3,86,22,2018,2016
C.J. Prosise,RB,3,90,22,2020,2016
Jacoby Brissett,QB,3,91,23,2022,2016
Cody Kessler,QB,3,93,23,2018,2016
Nick Vannett,TE,3,94,23,2022,2016
Connor Cook,QB,4,100,23,2016,2016
Chris Moore,WR,4,107,23,2022,2016
Tyler Higbee,TE,4,110,23,2022,2016
Malcolm Mitchell,WR,4,112,24,2016,2016
Ricardo Louis,WR,4,114,22,2017,2016
Pharoh Cooper,WR,4,117,21,2022,2016
Tyler Ervin,RB,4,119,22,2020,2016
Demarcus Robinson,WR,4,126,21,2022,2016
Kenneth Dixon,RB,4,134,22,2018,2016
Dak Prescott,QB,4,135,23,2022,2016
Devontae Booker,RB,4,136,24,2021,2016
Seth Devalve,TE,4,138,23,2020,2016
Cardale Jones,QB,4,139,23,2016,2016
Tajae Sharpe,WR,5,140,21,2021,2016
DeAndre Washington,RB,5,143,23,2020,2016
Paul Perkins,RB,5,149,21,2019,2016
Jordan Howard,RB,5,150,21,2022,2016
Wendell Smallwood,RB,5,153,22,2021,2016
Jordan Payton,WR,5,154,23,2016,2016
Jonathan Williams,RB,5,156,22,2022,2016
Kevin Hogan,QB,5,162,23,2021,2016
Trevor Davis,WR,5,163,23,2019,2016
Tyreek Hill,WR,5,165,22,2022,2016
Alex Collins,RB,5,171,22,2021,2016
Rashard Higgins,WR,5,172,21,2022,2016
Temarrick Hemingway,TE,6,177,23,2021,2016
Moritz Boehringer,WR,6,180,22,,2016
Keenan Reynolds,RB,6,182,22,2018,2016
Jerell Adams,TE,6,184,23,2019,2016
Jakeem Grant,WR,6,186,23,2021,2016
Nate Sudfeld,QB,6,187,22,2022,2016
David Morgan,TE,6,188,23,2018,2016
Jake Rudock,QB,6,191,23,2017,2016
Kolby Listenbee,WR,6,192,22,,2016
Cody Core,WR,6,199,22,2019,2016
Brandon Allen,QB,6,201,24,2022,2016
Mike Thomas,WR,6,206,22,2022,2016
Jeff Driskel,QB,6,207,23,2022,2016
Kelvin Taylor,RB,6,211,22,,2016
Aaron Burbridge,WR,6,213,22,2016,2016
Darius Jackson,RB,6,216,22,2018,2016
Rico Gathers,TE,6,217,22,2018,2016
Brandon Doughty,QB,7,223,24,,2016
Devin Lucien,WR,7,225,23,,2016
Demarcus Ayers,WR,7,229,22,2016,2016
Daniel Braverman,WR,7,230,22,2016,2016
Thomas Duarte,TE,7,231,21,2016,2016
Dwayne Washington,RB,7,236,22,2022,2016
Daniel Lasco,RB,7,237,23,2017,2016
Devin Fuller,WR,7,238,22,,2016
Charone Peake,WR,7,241,23,2018,2016
Keith Marshall,RB,7,242,22,,2016
Kenny Lawler,WR,7,243,22,,2016
Zac Brooks,RB,7,247,23,,2016
Beau Sandland,TE,7,252,23,,2016
Mitchell Trubisky,QB,1,2,23,2022,2017
Leonard Fournette,RB,1,4,22,2022,2017
Corey Davis,WR,1,5,22,2022,2017
Mike Williams,WR,1,7,22,2022,2017
Christian McCaffrey,RB,1,8,21,2022,2017
John Ross,WR,1,9,21,2021,2017
Patrick Mahomes,QB,1,10,21,2022,2017
Deshaun Watson,QB,1,12,21,2022,2017
O.J. Howard,TE,1,19,22,2022,2017
Evan Engram,TE,1,23,23,2022,2017
David Njoku,TE,1,29,21,2022,2017
Zay Jones,WR,2,37,22,2022,2017
Curtis Samuel,WR,2,40,21,2022,2017
Dalvin Cook,RB,2,41,22,2022,2017
Gerald Everett,TE,2,44,23,2022,2017
Adam Shaheen,TE,2,45,22,2021,2017
Joe Mixon,RB,2,48,21,2022,2017
DeShone Kizer,QB,2,52,21,2018,2017
JuJu Smith-Schuster,WR,2,62,20,2022,2017
Alvin Kamara,RB,3,67,22,2022,2017
Cooper Kupp,WR,3,69,24,2022,2017
Taywan Taylor,WR,3,72,22,2020,2017
ArDarius Stewart,WR,3,79,23,2017,2017
Carlos Henderson,WR,3,82,22,,2017
Chris Godwin,WR,3,84,21,2022,2017
Kareem Hunt,RB,3,86,22,2022,2017
Davis Webb,QB,3,87,22,2022,2017
D'Onta Foreman,RB,3,89,21,2022,2017
Kenny Golladay,WR,3,96,23,2022,2017
Chad Williams,WR,3,98,22,2019,2017
Jonnu Smith,TE,3,100,22,2022,2017
C.J. Beathard,QB,3,104,23,2022,2017
James Conner,RB,3,105,22,2022,2017
Amara Darboh,WR,3,106,23,2017,2017
Dede Westbrook,WR,4,110,23,2021,2017
Samaje Perine,RB,4,114,21,2022,2017
Josh Reynolds,WR,4,117,22,2022,2017
Mack Hollins,WR,4,118,23,2022,2017
Tarik Cohen,RB,4,119,22,2020,2017
Joe Williams,RB,4,121,24,,2017
Michael Roberts,TE,4,127,23,2018,2017
Josh Malone,WR,4,128,21,2020,2017
Donnel Pumphrey,RB,4,132,22,,2017
Ryan Switzer,WR,4,133,22,2019,2017
Jamaal Williams,RB,4,134,22,2022,2017
Joshua Dobbs,QB,4,135,22,2022,2017
Jehu Chesson,WR,4,139,23,2018,2017
Wayne Gallman,RB,4,140,22,2021,2017
Chad Hansen,WR,4,141,22,2020,2017
Marlon Mack,RB,4,143,21,2022,2017
Jake Butt,TE,5,145,22,2020,2017
George Kittle,TE,5,146,23,2022,2017
Jordan Leggett,TE,5,150,22,2018,2017
Jeremy Sprinkle,TE,5,154,23,2021,2017
Brian Hill,RB,5,156,21,2021,2017
Jeremy McNichols,RB,5,162,21,2021,2017
Shelton Gibson,WR,5,166,23,2019,2017
Rodney Adams,WR,5,170,22,2021,2017
Nathan Peterman,QB,5,171,23,2022,2017
Isaiah McKenzie,WR,5,172,22,2022,2017
Eric Saubert,TE,5,174,23,2022,2017
DeAngelo Yancey,WR,5,175,22,,2017
Trent Taylor,WR,5,177,23,2022,2017
T.J. Logan,RB,5,179,23,2019,2017
Aaron Jones,RB,5,182,22,2022,2017
Elijah McGuire,RB,6,188,23,2018,2017
Bucky Hodges,TE,6,201,22,,2017
De'Angelo Henderson,RB,6,203,24,2018,2017
Brandon Wilson,RB,6,207,23,2021,2017
Robert Davis,WR,6,209,22,2019,2017
Brad Kaaya,QB,6,215,22,,2017
Stacy Coley,WR,7,219,23,2018,2017
David Moore,WR,7,226,22,2021,2017
Isaiah Ford,WR,7,237,21,2021,2017
Devante Mays,RB,7,238,23,2017,2017
Noah Brown,WR,7,239,21,2022,2017
Khalfani Muhammad,RB,7,241,22,,2017
Elijah Hood,RB,7,242,21,2017,2017
Malachi Dupre,WR,7,247,21,2018,2017
Chris Carson,RB,7,249,22,2021,2017
Mason Schreck,TE,7,251,23,2022,2017
Matthew Dayes,RB,7,252,23,2018,2017
Chad Kelly,QB,7,253,23,2018,2017
Baker Mayfield,QB,1,1,23,2022,2018
Saquon Barkley,RB,1,2,21,2022,2018
Sam Darnold,QB,1,3,21,2022,2018
Josh Allen,QB,1,7,22,2022,2018
Josh Rosen,QB,1,10,21,2021,2018
D.J. Moore,WR,1,24,21,2022,2018
Hayden Hurst,TE,1,25,25,2022,2018
Calvin Ridley,WR,1,26,23,2021,2018
Rashaad Penny,RB,1,27,22,2022,2018
Sony Michel,RB,1,31,23,2022,2018
Lamar Jackson,QB,1,32,21,2022,2018
Nick Chubb,RB,2,35,22,2022,2018
Ronald Jones II,RB,2,38,21,2022,2018
Courtland Sutton,WR,2,40,22,2022,2018
Mike Gesicki,TE,2,42,22,2022,2018
Kerryon Johnson,RB,2,43,21,2021,2018
Dante Pettis,WR,2,44,22,2022,2018
Christian Kirk,WR,2,47,21,2022,2018
Dallas Goedert,TE,2,49,23,2022,2018
Anthony Miller,WR,2,51,23,2021,2018
Derrius Guice,RB,2,59,21,2019,2018
James Washington,WR,2,60,22,2022,2018
DJ Chark,WR,2,61,21,2022,2018
Royce Freeman,RB,3,71,22,2022,2018
Mason Rudolph,QB,3,76,23,2021,2018
Michael Gallup,WR,3,81,22,2022,2018
Mark Andrews,TE,3,86,23,2022,2018
Tre'Quan Smith,WR,3,91,22,2022,2018
Jordan Akins,TE,3,98,26,2022,2018
Ian Thomas,TE,4,101,22,2022,2018
Keke Coutee,WR,4,103,21,2022,2018
Nyheim Hines,RB,4,104,21,2022,2018
Antonio Callaway,WR,4,105,21,2020,2018
Chris Herndon,TE,4,107,22,2021,2018
Kyle Lauletta,QB,4,108,23,2018,2018
Mark Walton,RB,4,112,21,2019,2018
DaeSean Hamilton,WR,4,113,23,2020,2018
Will Dissly,TE,4,120,22,2022,2018
Durham Smythe,TE,4,123,23,2022,2018
Ito Smith,RB,4,126,22,2021,2018
Kalen Ballage,RB,4,131,22,2021,2018
Jaleel Scott,WR,4,132,23,2020,2018
J'Mon Moore,WR,4,133,23,2018,2018
Chase Edmonds,RB,4,134,22,2022,2018
Dalton Schultz,TE,4,137,22,2022,2018
Justin Watson,WR,5,144,22,2022,2018
Troy Fumagalli,TE,5,156,23,2020,2018
Tyler Conklin,TE,5,157,23,2022,2018
Daurice Fountain,WR,5,159,22,2021,2018
Jordan Lasley,WR,5,162,21,,2018
Jaylen Samuels,TE,5,165,22,2021,2018
Jordan Wilkins,RB,5,169,24,2022,2018
Mike White,QB,5,171,23,2022,2018
Marquez Valdes-Scantling,WR,5,174,23,2022,2018
Damion Ratley,WR,6,175,23,2020,2018
John Kelly,RB,6,176,21,2022,2018
Deon Cain,WR,6,185,22,2020,2018
Ray-Ray McCloud,WR,6,187,21,2022,2018
Dylan Cantrell,WR,6,191,24,,2018
Russell Gage,WR,6,194,22,2022,2018
Tremon Smith,WR,6,196,22,2022,2018
Luke Falk,QB,6,199,23,2019,2018
Boston Scott,RB,6,201,23,2022,2018
Tanner Lee,QB,6,203,23,,2018
Trenton Cannon,RB,6,204,24,2022,2018
Equanimeous St. Brown,WR,6,207,21,2022,2018
Cedrick Wilson Jr.,WR,6,208,22,2022,2018
Braxton Berrios,WR,6,210,22,2022,2018
Jordan Thomas,TE,6,211,22,2020,2018
Danny Etling,QB,7,219,24,,2018
Alex McGough,QB,7,220,22,,2018
Javon Wims,WR,7,224,23,2022,2018
David Williams,RB,7,226,24,2018,2018
Marcell Ateman,WR,7,228,23,2021,2018
Bo Scarbrough,RB,7,236,23,2020,2018
Nick Bawden,RB,7,237,22,2021,2018
Richie James,WR,7,240,23,2022,2018
Logan Woodside,QB,7,249,23,2022,2018
Ryan Izzo,TE,7,250,22,2021,2018
Justin Jackson,RB,7,251,22,2022,2018
Auden Tate,WR,7,253,21,2021,2018
Austin Proehl,WR,7,255,22,,2018
Trey Quinn,WR,7,256,22,2020,2018
Kyler Murray,QB,1,1,22,2022,2019
Daniel Jones,QB,1,6,22,2022,2019
T.J. Hockenson,TE,1,8,22,2022,2019
Dwayne Haskins,QB,1,15,22,2020,2019
Noah Fant,TE,1,20,21,2022,2019
Josh Jacobs,RB,1,24,21,2022,2019
Marquise Brown,WR,1,25,22,2022,2019
N'Keal Harry,WR,1,32,21,2022,2019
Deebo Samuel,WR,2,36,23,2022,2019
Drew Lock,QB,2,42,22,2021,2019
Irv Smith Jr.,TE,2,50,21,2022,2019
A.J. Brown,WR,2,51,22,2022,2019
Drew Sample,TE,2,52,23,2022,2019
Miles Sanders,RB,2,53,22,2022,2019
Mecole Hardman,WR,2,56,21,2022,2019
JJ Arcega-Whiteside,WR,2,57,22,2021,2019
Parris Campbell,WR,2,59,22,2022,2019
Andy Isabella,WR,2,62,22,2022,2019
D.K. Metcalf,WR,2,64,21,2022,2019
Diontae Johnson,WR,3,66,23,2022,2019
Jalen Hurd,WR,3,67,23,,2019
Josh Oliver,TE,3,69,22,2022,2019
Darrell Henderson,RB,3,70,22,2022,2019
David Montgomery,RB,3,73,22,2022,2019
Devin Singletary,RB,3,74,22,2022,2019
Jace Sternberger,TE,3,75,23,2020,2019
Terry McLaurin,WR,3,76,23,2022,2019
Kahale Warring,TE,3,86,22,2021,2019
Damien Harris,RB,3,87,22,2022,2019
Miles Boykin,WR,3,93,22,2022,2019
Dawson Knox,TE,3,96,22,2022,2019
Will Grier,QB,3,100,24,2019,2019
Alexander Mattison,RB,3,102,21,2022,2019
Hakeem Butler,WR,4,103,23,2020,2019
Ryan Finley,QB,4,104,24,2020,2019
Bryce Love,RB,4,112,22,,2019
Justice Hill,RB,4,113,21,2022,2019
Gary Jennings Jr,WR,4,120,22,2019,2019
Trevon Wesco,TE,4,121,23,2022,2019
Benny Snell Jr.,RB,4,122,21,2022,2019
Riley Ridley,WR,4,126,23,2020,2019
Tony Pollard,RB,4,128,22,2022,2019
Jarrett Stidham,QB,4,133,23,2022,2019
Foster Moreau,TE,4,137,22,2022,2019
Ryquell Armstead,RB,5,140,22,2021,2019
Zach Gentry,TE,5,141,22,2022,2019
Hunter Renfrow,WR,5,149,23,2022,2019
Qadree Ollison,RB,5,152,22,2022,2019
Jordan Scarlett,RB,5,154,23,2021,2019
Easton Stick,QB,5,166,23,2020,2019
Clayton Thorson,QB,5,167,24,,2019
Darius Slayton,WR,5,171,22,2022,2019
KeeSean Johnson,WR,6,174,22,2021,2019
Kaden Smith,TE,6,176,22,2021,2019
Gardner Minshew II,QB,6,178,23,2022,2019
Trayveon Williams,RB,6,182,21,2022,2019
Travis Fulgham,WR,6,184,23,2021,2019
Ty Johnson,RB,6,186,21,2022,2019
Juwann Winfree,WR,6,187,23,2022,2019
Dexter Williams,RB,6,194,22,2020,2019
Trace McSorley,QB,6,197,24,2022,2019
Marcus Green,WR,6,203,23,,2019
Travis Homer,RB,6,204,21,2022,2019
Kelvin Harmon,WR,6,206,22,2019,2019
Scott Miller,WR,6,208,22,2022,2019
Rodney Anderson,RB,6,211,22,,2019
Darwin Thompson,RB,6,214,22,2020,2019
Mike Weber,RB,7,218,22,,2019
Cullen Gillaspia,RB,7,220,24,2022,2019
Kerrith Whyte Jr,RB,7,222,22,2019,2019
Isaac Nauta,TE,7,224,22,2020,2019
Tommy Sweeney,TE,7,228,24,2022,2019
Aliz√© Mack,TE,7,231,22,,2019
Chandler Cox,RB,7,233,23,2020,2019
Myles Gaskin,RB,7,234,22,2022,2019
John Ursua,WR,7,236,25,2019,2019
Terry Godwin,WR,7,237,22,2020,2019
Dillon Mitchell,WR,7,239,22,,2019
Olabisi Johnson,WR,7,247,22,2020,2019
Caleb Wilson,TE,7,254,23,2020,2019
Joe Burrow,QB,1,1,23,2022,2020
Tua Tagovailoa,QB,1,5,22,2022,2020
Justin Herbert,QB,1,6,22,2022,2020
Henry Ruggs III,WR,1,12,21,2021,2020
Jerry Jeudy,WR,1,15,21,2022,2020
CeeDee Lamb,WR,1,17,21,2022,2020
Jalen Reagor,WR,1,21,21,2022,2020
Justin Jefferson,WR,1,22,21,2022,2020
Brandon Aiyuk,WR,1,25,22,2022,2020
Jordan Love,QB,1,26,21,2022,2020
Clyde Edwards-Helaire,RB,1,32,21,2022,2020
Tee Higgins,WR,2,33,21,2022,2020
Michael Pittman Jr.,WR,2,34,22,2022,2020
D'Andre Swift,RB,2,35,21,2022,2020
Jonathan Taylor,RB,2,41,21,2022,2020
Laviska Shenault Jr.,WR,2,42,21,2022,2020
Cole Kmet,TE,2,43,21,2022,2020
KJ Hamler,WR,2,46,21,2022,2020
Chase Claypool,WR,2,49,22,2022,2020
Cam Akers,RB,2,52,21,2022,2020
Jalen Hurts,QB,2,53,22,2022,2020
J.K. Dobbins,RB,2,55,21,2022,2020
Van Jefferson,WR,2,57,24,2022,2020
Denzel Mims,WR,2,59,22,2022,2020
AJ Dillon,RB,2,62,22,2022,2020
Antonio Gibson,RB,3,66,22,2022,2020
Ke'Shawn Vaughn,RB,3,76,23,2022,2020
Lynn Bowden Jr.,WR,3,80,22,2022,2020
Bryan Edwards,WR,3,81,21,2022,2020
Zack Moss,RB,3,86,22,2022,2020
Devin Asiasi,TE,3,91,23,2022,2020
Devin Duvernay,WR,3,92,22,2022,2020
Darrynton Evans,RB,3,93,22,2022,2020
Josiah Deguara,TE,3,94,23,2022,2020
Dalton Keene,TE,3,101,21,2020,2020
Adam Trautman,TE,3,105,23,2022,2020
Joshua Kelley,RB,4,112,22,2022,2020
Harrison Bryant,TE,4,115,22,2022,2020
Albert Okwuegbunam,TE,4,118,22,2022,2020
La'Mical Perine,RB,4,120,22,2021,2020
Jacob Eason,QB,4,122,22,2022,2020
Anthony McFarland Jr.,RB,4,124,21,2022,2020
James Morgan,QB,4,125,23,,2020
Gabriel Davis,WR,4,128,21,2022,2020
Colby Parkinson,TE,4,133,21,2022,2020
Brycen Hopkins,TE,4,136,23,2022,2020
Antonio Gandy-Golden,WR,4,142,22,2021,2020
DeeJay Dallas,RB,4,144,21,2022,2020
Joe Reed,WR,5,151,22,2020,2020
Tyler Johnson,WR,5,161,22,2022,2020
Collin Johnson,WR,5,165,22,2021,2020
Quintez Cephus,WR,5,166,22,2022,2020
Jake Fromm,QB,5,167,22,2021,2020
John Hightower,WR,5,168,24,2021,2020
Isaiah Coulter,WR,5,171,21,2021,2020
Jason Huntley,RB,5,172,22,2021,2020
Darnell Mooney,WR,5,173,22,2022,2020
K.J. Osborn,WR,5,176,23,2022,2020
Donovan Peoples-Jones,WR,6,187,21,2022,2020
Jake Luton,QB,6,189,24,2020,2020
Charlie Woerner,TE,6,190,22,2022,2020
Quez Watkins,WR,6,200,22,2022,2020
James Proche,WR,6,201,23,2022,2020
Tyler Davis,TE,6,206,23,2022,2020
Isaiah Hodgins,WR,6,207,21,2022,2020
Dezmon Patmon,WR,6,212,22,2022,2020
Freddie Swain,WR,6,214,22,2022,2020
Jauan Jennings,WR,7,217,23,2022,2020
K.J. Hill,WR,7,220,22,2021,2020
Eno Benjamin,RB,7,222,21,2022,2020
Cole McDonald,QB,7,224,22,,2020
Ben DiNucci,QB,7,231,23,2020,2020
Tommy Stevens,QB,7,240,23,2020,2020
Nate Stanley,QB,7,244,23,,2020
Raymond Calais,RB,7,245,22,2020,2020
Malcolm Perry,RB,7,246,23,2020,2020
Stephen Sullivan,TE,7,251,23,2022,2020
Tyrie Cleveland,WR,7,252,22,2022,2020
Trevor Lawrence,QB,1,1,21,2022,2021
Zach Wilson,QB,1,2,22,2022,2021
Trey Lance,QB,1,3,21,2022,2021
Kyle Pitts,TE,1,4,20,2022,2021
Ja'Marr Chase,WR,1,5,21,2022,2021
Jaylen Waddle,WR,1,6,22,2022,2021
DeVonta Smith,WR,1,10,22,2022,2021
Justin Fields,QB,1,11,22,2022,2021
Mac Jones,QB,1,15,23,2022,2021
Kadarius Toney,WR,1,20,22,2022,2021
Najee Harris,RB,1,24,23,2022,2021
Travis Etienne,RB,1,25,22,2022,2021
Rashod Bateman,WR,1,27,21,2022,2021
Elijah Moore,WR,2,34,21,2022,2021
Javonte Williams,RB,2,35,21,2022,2021
Rondale Moore,WR,2,49,21,2022,2021
Pat Freiermuth,TE,2,55,22,2022,2021
D'Wayne Eskridge,WR,2,56,24,2022,2021
Tutu Atwell,WR,2,57,21,2022,2021
Terrace Marshall Jr.,WR,2,59,21,2022,2021
Kyle Trask,QB,2,64,23,2022,2021
Kellen Mond,QB,3,66,22,2021,2021
Davis Mills,QB,3,67,22,2022,2021
Josh Palmer,WR,3,77,22,2022,2021
Hunter Long,TE,3,81,23,2022,2021
Dyami Brown,WR,3,82,21,2022,2021
Tommy Tremble,TE,3,83,21,2022,2021
Amari Rodgers,WR,3,85,21,2022,2021
Trey Sermon,RB,3,88,22,2022,2021
Nico Collins,WR,3,89,22,2022,2021
Anthony Schwartz,WR,3,91,21,2022,2021
Tre' McKitty,TE,3,97,22,2022,2021
Michael Carter,RB,4,107,22,2022,2021
Dez Fitzpatrick,WR,4,109,23,2022,2021
Amon-Ra St. Brown,WR,4,112,21,2022,2021
Kene Nwangwu,RB,4,119,23,2022,2021
Rhamondre Stevenson,RB,4,120,23,2022,2021
John Bates,TE,4,124,23,2022,2021
Chuba Hubbard,RB,4,126,22,2022,2021
Kylen Granson,TE,4,127,23,2022,2021
Jaelon Darden,WR,4,129,22,2022,2021
Tylan Wallace,WR,4,131,22,2022,2021
Ian Book,QB,4,133,23,2021,2021
Jacob Harris,WR,4,141,24,2022,2021
Luke Farrell,TE,5,145,23,2022,2021
Brevin Jordan,TE,5,147,21,2022,2021
Kenneth Gainwell,RB,5,150,22,2022,2021
Ihmir Smith-Marsette,WR,5,157,22,2022,2021
Noah Gray,TE,5,162,22,2022,2021
Zach Davidson,TE,5,168,23,,2021
Simi Fehoko,WR,5,179,23,2022,2021
Cornell Powell,WR,5,181,23,2022,2021
Frank Darby,WR,6,187,23,2022,2021
Elijah Mitchell,RB,6,194,23,2022,2021
Gary Brightwell,RB,6,196,22,2022,2021
Larry Rountree,RB,6,198,22,2022,2021
Chris Evans,RB,6,202,23,2022,2021
Marquez Stevenson,WR,6,203,23,2021,2021
Shi Smith,WR,6,204,22,2022,2021
Racey McMath,WR,6,205,22,2022,2021
Jalen Camp,WR,6,209,23,2022,2021
Demetric Felton,RB,6,211,23,2022,2021
Khalil Herbert,RB,6,217,23,2022,2021
Sam Ehlinger,QB,6,218,22,2022,2021
Seth Williams,WR,6,219,21,2021,2021
Dazz Newsome,WR,6,221,22,2021,2021
Mike Strachan,WR,7,229,24,2022,2021
Jake Funk,RB,7,233,23,2022,2021
Tre Nixon,WR,7,242,23,,2021
Gerrid Doaks,RB,7,244,23,,2021
Ben Skowronek,WR,7,249,24,2022,2021
Kawaan Baker,WR,7,255,23,2021,2021
Kylin Hill,RB,7,256,23,2022,2021
Jermar Jefferson,RB,7,257,21,2021,2021
Dax Milne,WR,7,258,22,2022,2021
Drake London,WR,1,8,21,2022,2022
Garrett Wilson,WR,1,10,22,2022,2022
Chris Olave,WR,1,11,22,2022,2022
Jameson Williams,WR,1,12,21,2022,2022
Jahan Dotson,WR,1,16,22,2022,2022
Treylon Burks,WR,1,18,22,2022,2022
Kenny Pickett,QB,1,20,24,2022,2022
Christian Watson,WR,2,34,23,2022,2022
Breece Hall,RB,2,36,21,2022,2022
Kenneth Walker III,RB,2,41,21,2022,2022
Wan'Dale Robinson,WR,2,43,21,2022,2022
John Metchie,WR,2,44,22,,2022
Tyquan Thornton,WR,2,50,22,2022,2022
George Pickens,WR,2,52,21,2022,2022
Alec Pierce,WR,2,53,22,2022,2022
Skyy Moore,WR,2,54,21,2022,2022
Trey McBride,TE,2,55,22,2022,2022
James Cook,RB,2,63,22,2022,2022
Velus Jones Jr.,WR,3,71,25,2022,2022
Jelani Woods,TE,3,73,23,2022,2022
Desmond Ridder,QB,3,74,23,2022,2022
Greg Dulcich,TE,3,80,22,2022,2022
Malik Willis,QB,3,86,23,2022,2022
Jalen Tolbert,WR,3,88,23,2022,2022
Rachaad White,RB,3,91,23,2022,2022
Tyrion Davis-Price,RB,3,93,21,2022,2022
Matt Corral,QB,3,94,23,,2022
Brian Robinson Jr.,RB,3,98,23,2022,2022
David Bell,WR,3,99,21,2022,2022
Jeremy Ruckert,TE,3,101,22,2022,2022
Danny Gray,WR,3,105,23,2022,2022
Cade Otton,TE,4,106,23,2022,2022
Dameon Pierce,RB,4,107,22,2022,2022
Daniel Bellinger,TE,4,112,21,2022,2022
Zamir White,RB,4,122,22,2022,2022
Isaiah Spiller,RB,4,123,21,2022,2022
Erik Ezukanma,WR,4,125,22,2022,2022
Pierre Strong,RB,4,127,23,2022,2022
Charlie Kolar,TE,4,128,23,2022,2022
Jake Ferguson,TE,4,129,23,2022,2022
Hassan Haskins,RB,4,131,22,2022,2022
Romeo Doubs,WR,4,132,22,2022,2022
Bailey Zappe,QB,4,137,23,2022,2022
Calvin Austin,WR,4,138,23,,2022
Isaiah Likely,TE,4,139,22,2022,2022
Chigoziem Okonkwo,TE,4,143,22,2022,2022
Sam Howell,QB,5,144,21,2022,2022
Khalil Shakir,WR,5,148,22,2022,2022
Cole Turner,TE,5,149,22,2022,2022
Tyler Allgeier,RB,5,151,22,2022,2022
Snoop Conner,RB,5,154,22,2022,2022
Jerome Ford,RB,5,156,22,2022,2022
Montrell Washington,WR,5,162,23,2022,2022
Kyle Philips,WR,5,163,23,2022,2022
Kyren Williams,RB,5,164,22,2022,2022
Ty Chandler,RB,5,169,24,2022,2022
Teagan Quitoriano,TE,5,170,22,2022,2022
James Mitchell,TE,5,177,23,2022,2022
Kevin Harris,RB,6,183,21,2022,2022
Jalen Nailor,WR,6,191,23,2022,2022
Andrew Ogletree,TE,6,192,24,,2022
Tyler Badie,RB,6,196,22,2022,2022
Grant Calcaterra,TE,6,198,23,2022,2022
Keaontay Ingram,RB,6,201,22,2022,2022
Michael Woods II,WR,6,202,22,2022,2022
Trestan Ebner,RB,6,203,23,2022,2022
Connor Heyward,TE,6,208,23,2022,2022
John FitzPatrick,TE,6,213,22,,2022
Ko Kieft,TE,6,218,24,2022,2022
Nick Muse,TE,7,227,23,2022,2022
Bo Melton,WR,7,229,23,,2022
Dareke Young,WR,7,233,23,2022,2022
Chris Oladokun,QB,7,241,25,,2022
Skylar Thompson,QB,7,247,25,2022,2022
Brittain Brown,RB,7,250,24,2022,2022
Isiah Pacheco,RB,7,251,22,2022,2022
Samori Toure,WR,7,258,24,2022,2022
Zander Horvath,RB,7,260,23,2022,2022
Brock Purdy,QB,7,262,22,2022,2022
